[];0;0;(1, 1);[1, 3.144, 1.286, 4, 0.286, 1.286, 2.286];Greedy Algorithm
[];0;0;(1, 1);[2, 3.286, 0.286, 1, 1, 2, 3];Minimax Algorithm
[(1, 1)];0;0;(1, 5);[1, 4.167, 2.5, 1, 3.333, 2.6660000000000004, 0];Greedy Algorithm
[(1, 1), (1, 5)];2;2;(1, 6);[2.333, 4.286, 0.952, 1.333, 1.666, 3.6660000000000004, 4.332];Minimax Algorithm
[(6, 1), (1, 1), (1, 5)];2;2;(0, 5);[2.8000000000000003, 5.167, 3.7, 2.2, 3.9330000000000003, 2.6660000000000004, 3.4000000000000004];Greedy Algorithm
[(6, 1), (1, 1), (1, 5), (5, 0)];2;2;(6, 6);[4.2, 4.286, 1.419, 1.7999999999999998, 1.733, 4.666, 4.6];Minimax Algorithm
[(6, 6), (6, 1), (1, 1), (1, 5), (5, 0)];1;2;(5, 6);[4.2, 4.286, 1.286, 1.7999999999999998, 1.6, 4.4, 4.6];Minimax Algorithm
[(5, 6), (6, 6), (6, 1), (1, 1), (1, 5), (5, 0)];1;2;(3, 5);[4.2, 4.286, 1.8860000000000001, 3.2, 2.2, 4.4, 4.8];Minimax Algorithm
[(1, 3), (3, 5), (5, 6), (6, 6), (6, 1), (1, 1), (1, 5), (5, 0)];1;2;(0, 1);[4.2, 5.25, 1.85, 4.2, 2.2, 4.4, 4.8];Minimax Algorithm
[(1, 3), (3, 5), (5, 6), (6, 6), (6, 1), (1, 1), (1, 5), (5, 0), (0, 1), (1, 4)];0;1;(0, 4);[5.0009999999999994, 6.0, 1.867, 4.467, 3.2, 4.4, 5.067];Minimax Algorithm
[];0;1;(2, 2);[1.286, 2.286, 4.144, 2.286, 1.286, 1, 3];Minimax Algorithm
[(2, 2)];2;2;(2, 6);[1.572, 2.286, 4.144, 2.572, 1.286, 1.286, 3.858];Minimax Algorithm
[(2, 2), (2, 6)];2;2;(6, 6);[2.8, 2.4, 3.6, 1.7999999999999998, 1.4, 4.4, 3.1999999999999997];Greedy Algorithm
[(2, 2), (2, 6), (6, 6)];1;2;(1, 6);[1.619, 2.666, 4.332, 2.619, 1.666, 1.286, 4.8580000000000005];Minimax Algorithm
[(2, 2), (2, 6), (6, 6), (6, 1)];1;2;(1, 5);[2.9, 3.5, 4.0, 1.9, 1.75, 4.5, 4.05];Greedy Algorithm
[(2, 2), (2, 6), (6, 6), (6, 1), (1, 5)];1;1;(2, 5);[1.686, 3.7329999999999997, 4.6, 2.686, 1.733, 2.286, 4.8580000000000005];Minimax Algorithm
[];0;0;(1, 1);[3, 3.572, 1, 0.286, 2, 2, 1.286];Minimax Algorithm
[(1, 1)];0;0;(1, 2);[1, 3.6660000000000004, 3.6660000000000004, 3.333, 1, 1.333, 2.666];Greedy Algorithm
[(1, 1), (1, 2)];2;1;(0, 2);[3.6660000000000004, 4.334, 2, 0.5, 2, 2, 1.5];Minimax Algorithm
[(1, 1), (1, 2), (2, 0)];2;1;(0, 1);[2, 3.8, 4.666, 3.4, 1, 1.333, 2.733];Greedy Algorithm
[(1, 1), (1, 2), (2, 0), (0, 1)];2;2;(1, 4);[4.666, 5.4, 2, 0.933, 3.1999999999999997, 2.4, 1.933];Minimax Algorithm
[(1, 1), (1, 2), (2, 0), (0, 1), (1, 4)];2;2;(2, 4);[2, 4.5, 4.5, 3.25, 2, 1.25, 2.5];Greedy Algorithm
[(1, 1), (1, 2), (2, 0), (0, 1), (1, 4), (4, 2)];1;0;(1, 5);[4.666, 5.4, 4.0, 1.433, 4.3, 3.5, 2.433];Minimax Algorithm
[(5, 1), (1, 1), (1, 2), (2, 0), (0, 1), (1, 4), (4, 2)];1;0;(5, 6);[2.667, 5.917, 4.666, 3.25, 2.667, 2.333, 4.334];Greedy Algorithm
[(6, 5), (5, 1), (1, 1), (1, 2), (2, 0), (0, 1), (1, 4), (4, 2)];1;0;(6, 6);[5.0, 5.867, 4.334, 1.433, 4.567, 4.667, 4.668];Minimax Algorithm
[(6, 6), (6, 5), (5, 1), (1, 1), (1, 2), (2, 0), (0, 1), (1, 4), (4, 2)];1;0;(3, 6);[3.667, 6.667, 5.0, 7.0, 3.667, 3.5, 5.501];Greedy Algorithm
[(3, 6), (6, 6), (6, 5), (5, 1), (1, 1), (1, 2), (2, 0), (0, 1), (1, 4), (4, 2)];0;0;(3, 3);[3.667, 6.667, 5.0, 7.0, 3.667, 3.5, 5.501];Greedy Algorithm
[(3, 3), (3, 6), (6, 6), (6, 5), (5, 1), (1, 1), (1, 2), (2, 0), (0, 1), (1, 4), (4, 2)];0;0;(2, 3);[3.667, 6.667, 5.0, 7.0, 3.667, 3.5, 5.501];Greedy Algorithm
[];0;0;(1, 1);[2.286, 2.286, 1, 2, 3, 0, 1];Minimax Algorithm
[(1, 1)];0;0;(1, 6);[1.167, 5.167, 2.333, 1.333, 2, 2.333, 2.999];Greedy Algorithm
[(1, 1), (1, 6)];1;1;(1, 4);[2.286, 3.286, 1.333, 2.333, 3.333, 0.666, 2.9990000000000006];Minimax Algorithm
[(4, 1), (1, 1), (1, 6)];1;1;(4, 6);[1.167, 6.167, 2.333, 1.333, 3.4, 2.733, 2.999];Greedy Algorithm
[(4, 1), (1, 1), (1, 6), (6, 4)];2;2;(3, 4);[2.686, 3.286, 1.7329999999999999, 3.5999999999999996, 4.2, 0.933, 4.066];Minimax Algorithm
[(4, 1), (1, 1), (1, 6), (6, 4), (4, 3)];2;2;(2, 4);[2.167, 6.167, 4.0, 4.0, 4.4, 3.733, 3.333];Greedy Algorithm
[(2, 4), (4, 1), (1, 1), (1, 6), (6, 4), (4, 3)];1;1;(2, 2);[3.286, 3.286, 4.0, 4.0, 5.2, 1.533, 4.333];Minimax Algorithm
[(2, 2), (2, 4), (4, 1), (1, 1), (1, 6), (6, 4), (4, 3), (3, 1)];0;0;(1, 5);[2.167, 6.0, 5.667999999999999, 4.334, 4.667, 4.667999999999999, 3.8339999999999996];Greedy Algorithm
[(2, 2), (2, 4), (4, 1), (1, 1), (1, 6), (6, 4), (4, 3), (3, 1), (1, 5)];0;0;(0, 5);[4.0, 7.0, 6.0009999999999994, 4.834, 4.667, 4.667999999999999, 3.8339999999999996];Greedy Algorithm
[(2, 2), (2, 4), (4, 1), (1, 1), (1, 6), (6, 4), (4, 3), (3, 1), (1, 5), (5, 0)];0;2;(0, 4);[5.786, 5.286, 10.0, 6.5, 6.0, 5.833, 5.833];Minimax Algorithm
[(2, 2), (2, 4), (4, 1), (1, 1), (1, 6), (6, 4), (4, 3), (3, 1), (1, 5), (5, 0), (0, 4)];0;2;(1, 2);[4.0, 6.0, 6.0009999999999994, 4.834, 5.5, 4.5009999999999994, 3.8339999999999996];Greedy Algorithm
[];0;0;(1, 1);[1, 3.858, 1.286, 3, 1.286, 2, 0.286];Greedy Algorithm
[(1, 1)];1;1;(1, 3);[3, 2.9990000000000006, 2.333, 2.6660000000000004, 1.333, 1.333, 3.6660000000000004];Minimax Algorithm
[(1, 1), (1, 3), (3, 3)];0;1;(0, 3);[3.8, 3.1999999999999997, 2.4, 3.6660000000000004, 1.8, 1.733, 3.733];Minimax Algorithm
[(1, 1), (1, 3), (3, 3), (3, 0)];0;1;(1, 5);[2.8, 4.5009999999999994, 1.5670000000000002, 5.567, 1.967, 3.5999999999999996, 0.334];Greedy Algorithm
[(5, 1), (1, 1), (1, 3), (3, 3), (3, 0)];1;2;(5, 6);[4.0, 4.3, 2.4, 3.833, 2.4, 2.833, 4.5];Minimax Algorithm
[(6, 5), (5, 1), (1, 1), (1, 3), (3, 3), (3, 0)];1;2;(0, 1);[2.8, 4.75, 1.65, 6.15, 2.8, 4.6, 2.75];Greedy Algorithm
[(6, 5), (5, 1), (1, 1), (1, 3), (3, 3), (3, 0), (0, 1)];2;0;(0, 6);[4.666, 4.9990000000000006, 2.333, 3.833, 2.166, 2.666, 4.333];Minimax Algorithm
[(0, 6), (6, 5), (5, 1), (1, 1), (1, 3), (3, 3), (3, 0), (0, 1)];1;0;(0, 2);[4.666, 4.9990000000000006, 3.667, 3.833, 2.833, 3.333, 4.333];Minimax Algorithm
[(2, 0), (0, 6), (6, 5), (5, 1), (1, 1), (1, 3), (3, 3), (3, 0), (0, 1)];1;0;(2, 3);[5.0, 5.5, 2.9, 6.0, 3.15, 4.8, 3.75];Greedy Algorithm
[(3, 2), (2, 0), (0, 6), (6, 5), (5, 1), (1, 1), (1, 3), (3, 3), (3, 0), (0, 1)];0;0;(3, 4);[6.0, 5.5, 4.4, 6.0, 7.5, 5.9, 4.5];Greedy Algorithm
[(4, 3), (3, 2), (2, 0), (0, 6), (6, 5), (5, 1), (1, 1), (1, 3), (3, 3), (3, 0), (0, 1)];1;0;(4, 4);[6.333, 7.0, 6.667, 6.0329999999999995, 11.0, 5.433, 6.6];Minimax Algorithm
[];0;0;(1, 1);[2.286, 3.144, 2.286, 0.286, 3.286, 2, 1];Minimax Algorithm
[(1, 1)];0;0;(1, 5);[0.333, 3.332, 1.333, 1.5, 2.333, 4.167, 4];Greedy Algorithm
[(1, 1), (1, 5)];1;2;(0, 5);[3.3320000000000003, 4.332, 2.666, 0.666, 3.333, 3, 1.333];Minimax Algorithm
[(1, 1), (1, 5), (5, 0)];1;1;(1, 6);[3.3320000000000003, 4.332, 2.666, 0.666, 3.333, 3, 1.333];Minimax Algorithm
[(6, 1), (1, 1), (1, 5), (5, 0)];1;1;(5, 6);[4.0, 5.0489999999999995, 2.183, 2.433, 2.433, 5.25, 5.75];Greedy Algorithm
[(5, 6), (6, 1), (1, 1), (1, 5), (5, 0)];1;1;(2, 5);[3.6, 4.466, 3.2, 1.133, 3.333, 4, 2.4];Minimax Algorithm
[(2, 5), (5, 6), (6, 1), (1, 1), (1, 5), (5, 0)];1;1;(2, 6);[5.0, 5.2989999999999995, 3.433, 2.683, 2.433, 6.25, 6.0];Greedy Algorithm
[(6, 2), (2, 5), (5, 6), (6, 1), (1, 1), (1, 5), (5, 0)];0;1;(0, 4);[3.7, 4.633, 4.2, 1.633, 4.0, 4, 3.5];Minimax Algorithm
[(6, 2), (2, 5), (5, 6), (6, 1), (1, 1), (1, 5), (5, 0), (0, 4)];0;1;(4, 6);[5.5, 5.2989999999999995, 3.433, 2.683, 3.433, 6.25, 5.5];Greedy Algorithm
[(6, 2), (2, 5), (5, 6), (6, 1), (1, 1), (1, 5), (5, 0), (0, 4), (4, 6)];0;0;(3, 6);[6.0, 6.366, 4.933, 8.5, 4.933, 7.5, 5.5];Greedy Algorithm
[];0;0;(1, 1);[1.286, 3.144, 3, 1.286, 1.286, 2, 2.286];Greedy Algorithm
[(1, 1)];1;1;(1, 5);[2.6660000000000004, 3.332, 2, 2.333, 3.333, 3.6660000000000004, 0.666];Minimax Algorithm
[(1, 1), (1, 5)];1;1;(5, 5);[1.666, 4.332000000000001, 3, 1.333, 1.333, 3.6660000000000004, 2.6660000000000004];Greedy Algorithm
[(1, 1), (1, 5), (5, 5)];0;2;(4, 5);[3.133, 3.5999999999999996, 2, 2.4, 4.2, 4.666, 1.133];Minimax Algorithm
[(1, 1), (1, 5), (5, 5), (5, 4)];0;2;(3, 4);[1.733, 4.800000000000001, 3.6, 2.8000000000000003, 2.4, 4.666, 3.333];Greedy Algorithm
[(1, 1), (1, 5), (5, 5), (5, 4), (4, 3)];0;2;(0, 3);[3.5, 4.0, 2, 3.5, 5.4, 4.833, 1.233];Minimax Algorithm
[(1, 1), (1, 5), (5, 5), (5, 4), (4, 3), (3, 0)];0;2;(0, 6);[2.833, 5.0, 3.6, 3.6, 3.0, 4.833, 4.0];Greedy Algorithm
[(1, 1), (1, 5), (5, 5), (5, 4), (4, 3), (3, 0), (0, 6)];0;0;(2, 6);[2.833, 5.0, 3.5, 3.5, 3.0, 4.833, 4.0];Greedy Algorithm
[(1, 1), (1, 5), (5, 5), (5, 4), (4, 3), (3, 0), (0, 6), (6, 2)];0;2;(0, 2);[6.0, 6.0, 3, 4.0, 6.4, 5.333, 3.733];Minimax Algorithm
[(1, 1), (1, 5), (5, 5), (5, 4), (4, 3), (3, 0), (0, 6), (6, 2), (2, 0)];0;2;(1, 2);[5.0009999999999994, 5.167, 4.333, 3.333, 3.667, 5.167, 4.0];Greedy Algorithm
[(2, 1), (1, 1), (1, 5), (5, 5), (5, 4), (4, 3), (3, 0), (0, 6), (6, 2), (2, 0)];1;0;(2, 4);[9.0, 8.0, 4, 4.0, 8.0, 6.333, 4.333];Minimax Algorithm
[(4, 2), (2, 1), (1, 1), (1, 5), (5, 5), (5, 4), (4, 3), (3, 0), (0, 6), (6, 2), (2, 0)];1;0;(4, 4);[9.0, 8.0, 4, 4.0, 8.0, 6.333, 4.333];Minimax Algorithm
[];0;0;(1, 1);[2, 3.572, 2.286, 1.286, 1, 3, 1];Minimax Algorithm
[(1, 1)];0;0;(1, 6);[1.333, 3.666, 3.333, 0.666, 2.333, 1, 3.9989999999999997];Greedy Algorithm
[(1, 1), (1, 6)];2;1;(1, 5);[2.6660000000000004, 4.572, 2.286, 1.619, 1.666, 3.6660000000000004, 2.9990000000000006];Minimax Algorithm
[(5, 1), (1, 1), (1, 6)];2;1;(6, 6);[1.7999999999999998, 4.666, 3.333, 0.7330000000000001, 2.8, 2.8, 4.199999999999999];Greedy Algorithm
[(5, 1), (1, 1), (1, 6), (6, 6)];2;1;(2, 5);[2.733, 4.686, 2.8, 2.086, 1.733, 3.6660000000000004, 4.199999999999999];Minimax Algorithm
[(2, 5), (5, 1), (1, 1), (1, 6), (6, 6)];2;1;(5, 6);[1.9, 4.583, 4.5, 0.983, 2.9, 4.0, 4.199999999999999];Greedy Algorithm
[(2, 5), (5, 1), (1, 1), (1, 6), (6, 6), (6, 5)];1;1;(2, 6);[2.5, 4.686, 2.8, 1.936, 1.5, 4.5, 4.75];Minimax Algorithm
[(6, 2), (2, 5), (5, 1), (1, 1), (1, 6), (6, 6), (6, 5)];0;1;(3, 5);[3.25, 5.15, 3.15, 4.75, 2.25, 4.5, 5.25];Minimax Algorithm
[];0;0;(3, 3);[0, 2, 0, 2.572, 3.286, 2, 2.286];Greedy Algorithm
[(3, 3)];3;3;(3, 5);[3, 1.333, 2.333, 4.334, 1.167, 3.666, 0.167];Minimax Algorithm
[(3, 3), (3, 5)];3;3;(5, 6);[0.333, 2.333, 0.333, 3.6660000000000004, 3.6660000000000004, 3, 3.665];Greedy Algorithm
[(3, 3), (3, 5), (5, 6)];2;0;(0, 3);[4.3999999999999995, 1.9329999999999998, 3.333, 4.7669999999999995, 2.167, 4.666, 4.0];Minimax Algorithm
[(0, 3), (3, 3), (3, 5), (5, 6)];2;0;(6, 6);[2.6, 2.4, 1.0, 4.7330000000000005, 4.333, 3, 4.0];Greedy Algorithm
[(0, 3), (3, 3), (3, 5), (5, 6), (6, 6)];2;0;(0, 5);[4.3, 1.75, 3.15, 4.667, 2.067, 4.5, 4.5];Minimax Algorithm
[(5, 0), (0, 3), (3, 3), (3, 5), (5, 6), (6, 6)];2;0;(4, 5);[3.6, 2.5, 1.1, 5.0, 4.5, 4, 4.5];Greedy Algorithm
[(4, 5), (5, 0), (0, 3), (3, 3), (3, 5), (5, 6), (6, 6)];1;0;(2, 4);[4.734, 2.584, 4.668, 4.834, 3.234, 5.917, 5.335];Minimax Algorithm
[(2, 4), (4, 5), (5, 0), (0, 3), (3, 3), (3, 5), (5, 6), (6, 6)];1;0;(2, 3);[4.734, 2.584, 4.668, 5.0, 3.3999999999999995, 5.917, 5.335];Minimax Algorithm
[(1, 3), (3, 2), (2, 4), (4, 5), (5, 0), (0, 3), (3, 3), (3, 5), (5, 6), (6, 6)];1;0;(0, 1);[6.0, 3.917, 5.334, 6.333, 4.333, 5.917, 7.0];Minimax Algorithm
[];0;0;(4, 4);[2.286, 1, 0, 1, 3.572, 3, 2.286];Greedy Algorithm
[(4, 4)];2;2;(2, 4);[2.666, 2.333, 3.999, 2, 3.6660000000000004, 1.333, 2.333];Minimax Algorithm
[(4, 4), (4, 2)];2;2;(4, 5);[2.786, 1.5, 2.5, 1.333, 4.571999999999999, 3.833, 2.286];Greedy Algorithm
[(5, 4), (4, 4), (4, 2)];1;2;(1, 5);[2.7329999999999997, 3.1999999999999997, 4.199999999999999, 2.4, 4.666, 2.4, 2.733];Minimax Algorithm
[(1, 5), (5, 4), (4, 4), (4, 2)];1;2;(1, 4);[2.8, 2.6, 2.8000000000000003, 1.333, 4.4, 4.933, 2.2];Greedy Algorithm
[(4, 1), (1, 5), (5, 4), (4, 4), (4, 2)];1;2;(3, 4);[2.833, 4.4, 4.5, 3.5, 5.666, 3.0, 3.233];Minimax Algorithm
[(3, 4), (4, 1), (1, 5), (5, 4), (4, 4), (4, 2)];1;2;(0, 3);[3.25, 2.75, 3.25, 2.333, 5.7, 5.083, 2.2];Greedy Algorithm
[(0, 3), (3, 4), (4, 1), (1, 5), (5, 4), (4, 4), (4, 2)];2;2;(0, 6);[4.0, 4.834, 5.001, 4.667, 6.0, 3.167, 4.0009999999999994];Minimax Algorithm
[(6, 0), (0, 3), (3, 4), (4, 1), (1, 5), (5, 4), (4, 4), (4, 2)];2;2;(6, 6);[4.5, 3.667, 4.0, 3.0, 6.167, 5.333, 5.001];Greedy Algorithm
[(6, 6), (6, 0), (0, 3), (3, 4), (4, 1), (1, 5), (5, 4), (4, 4), (4, 2)];1;2;(2, 6);[4.0, 5.167, 5.001, 5.0, 6.333, 3.167, 6.0];Minimax Algorithm
[(6, 6), (6, 0), (0, 3), (3, 4), (4, 1), (1, 5), (5, 4), (4, 4), (4, 2), (2, 6)];1;2;(5, 6);[4.5, 3.5, 4.5, 3.0, 6.0, 5.0, 5.5];Greedy Algorithm
[(6, 6), (6, 0), (0, 3), (3, 4), (4, 1), (1, 5), (5, 4), (4, 4), (4, 2), (2, 6), (6, 5)];0;0;(0, 5);[5.0, 3.5, 4.5, 3.0, 6.5, 5.0, 5.5];Greedy Algorithm
[];0;1;(3, 3);[3, 2.286, 0.286, 2.858, 1, 0, 4.286];Greedy Algorithm
[(3, 3)];2;2;(3, 5);[1.333, 1.666, 3.333, 3.999, 2.333, 3.999, 1.333];Minimax Algorithm
[(3, 3), (3, 5)];2;2;(0, 3);[3.833, 2.786, 0.286, 3.858, 1.833, 2.5, 4.286];Greedy Algorithm
[(0, 3), (3, 3), (3, 5)];1;2;(0, 2);[2.4, 1.733, 4.2, 5.066000000000001, 2.8, 4.199999999999999, 1.733];Minimax Algorithm
[(2, 0), (0, 3), (3, 3), (3, 5)];2;2;(2, 5);[2.4, 1.733, 4.2, 5.066000000000001, 2.8, 4.199999999999999, 1.733];Minimax Algorithm
[(2, 0), (0, 3), (3, 3), (3, 5), (5, 2)];1;1;(1, 2);[2.4, 2.8000000000000003, 4.2, 5.333, 3.4, 4.4, 1.733];Minimax Algorithm
[(2, 0), (0, 3), (3, 3), (3, 5), (5, 2), (2, 1)];1;1;(1, 6);[4.833, 3.786, 4.667, 4.2860000000000005, 2.5, 3.5, 4.666];Greedy Algorithm
[(2, 0), (0, 3), (3, 3), (3, 5), (5, 2), (2, 1), (1, 6)];0;1;(5, 6);[2.5, 3.7, 4.5, 5.433, 3.6, 4.5, 2.833];Minimax Algorithm
[];0;0;(5, 5);[0, 2, 2, 3.286, 2.286, 2.572, 1];Greedy Algorithm
[(5, 5)];3;3;(5, 6);[2.333, 1.333, 2, 2.167, 1.5, 4.334, 3.999];Minimax Algorithm
[(5, 5), (5, 6)];3;3;(6, 6);[0.333, 2.333, 2, 3.333, 2.6660000000000004, 3.666, 2.999];Greedy Algorithm
[(5, 5), (5, 6), (6, 6)];2;2;(0, 5);[3.4000000000000004, 1.5999999999999999, 2.4, 2.167, 1.767, 4.334, 4.6];Minimax Algorithm
[(0, 5), (5, 5), (5, 6), (6, 6)];1;2;(0, 3);[3.4000000000000004, 1.5999999999999999, 2.4, 2.4, 1.767, 4.567, 4.6];Minimax Algorithm
[(3, 0), (0, 5), (5, 5), (5, 6), (6, 6)];1;2;(3, 4);[3.2, 2.6, 2.1, 4.333, 3.5, 4.833, 3.5];Greedy Algorithm
[(4, 3), (3, 0), (0, 5), (5, 5), (5, 6), (6, 6)];1;2;(2, 6);[3.6, 2.1, 3.0, 3.4, 3.5, 4.9, 4.9];Minimax Algorithm
[(4, 3), (3, 0), (0, 5), (5, 5), (5, 6), (6, 6), (6, 2)];1;2;(2, 4);[3.367, 2.6, 3.1, 4.333, 4.0009999999999994, 5.0, 4.667];Greedy Algorithm
[(4, 3), (3, 0), (0, 5), (5, 5), (5, 6), (6, 6), (6, 2), (2, 4)];1;1;(1, 4);[4.367, 4.0, 4.5, 3.4, 5.0009999999999994, 5.067, 5.867];Minimax Algorithm
[(4, 3), (3, 0), (0, 5), (5, 5), (5, 6), (6, 6), (6, 2), (2, 4), (4, 1)];1;1;(1, 5);[3.7, 3.6, 3.1, 4.5, 5.5, 5.0, 5.0];Greedy Algorithm
[(4, 3), (3, 0), (0, 5), (5, 5), (5, 6), (6, 6), (6, 2), (2, 4), (4, 1), (1, 5)];0;1;(2, 5);[5.2, 5.0, 5.0, 3.4, 6.0, 6.4, 6.2];Minimax Algorithm
[(4, 3), (3, 0), (0, 5), (5, 5), (5, 6), (6, 6), (6, 2), (2, 4), (4, 1), (1, 5), (5, 2)];0;1;(2, 3);[4.7, 3.6, 4.1, 5.0, 9.0, 8.0, 6.0];Greedy Algorithm
[(4, 3), (3, 0), (0, 5), (5, 5), (5, 6), (6, 6), (6, 2), (2, 4), (4, 1), (1, 5), (5, 2), (2, 3)];0;1;(3, 6);[7.0, 5.0, 6.0, 4.4, 8.0, 7.4, 7.0];Minimax Algorithm
[];0;1;(2, 2);[2.286, 2.286, 3.144, 2, 2.286, 1, 2.286];Minimax Algorithm
[(2, 2)];0;1;(2, 5);[2.333, 1.5, 3.332, 1.167, 3.333, 4.334, 1.333];Greedy Algorithm
[(2, 2), (2, 5)];1;1;(2, 3);[2.6189999999999998, 2.619, 4.144, 2.9990000000000006, 2.286, 2.6660000000000004, 2.6189999999999998];Minimax Algorithm
[(3, 2), (2, 2), (2, 5)];1;1;(5, 5);[2.733, 1.533, 4.332, 3.0, 3.333, 4.4, 1.733];Greedy Algorithm
[(3, 2), (2, 2), (2, 5), (5, 5)];1;1;(1, 3);[2.6189999999999998, 3.1999999999999997, 4.258, 3.0660000000000003, 2.286, 3.8, 3.019];Minimax Algorithm
[(1, 3), (3, 2), (2, 2), (2, 5), (5, 5)];1;1;(5, 6);[2.733, 3.75, 4.916, 4.35, 3.333, 4.7, 3.25];Greedy Algorithm
[(1, 3), (3, 2), (2, 2), (2, 5), (5, 5), (5, 6)];1;2;(1, 4);[2.6189999999999998, 3.3, 4.686, 3.233, 2.5, 4.8, 4.5];Minimax Algorithm
[(4, 1), (1, 3), (3, 2), (2, 2), (2, 5), (5, 5), (5, 6)];1;2;(4, 5);[2.733, 4.833, 5.166, 4.7330000000000005, 4.333, 4.666, 4.0];Greedy Algorithm
[(5, 4), (4, 1), (1, 3), (3, 2), (2, 2), (2, 5), (5, 5), (5, 6)];1;2;(0, 5);[3.334, 3.4669999999999996, 5.234, 3.734, 3.5, 5.8, 5.001];Minimax Algorithm
[(0, 5), (5, 4), (4, 1), (1, 3), (3, 2), (2, 2), (2, 5), (5, 5), (5, 6)];1;2;(0, 4);[3.733, 5.333, 5.833, 5.2330000000000005, 4.5, 5.666, 5.5];Greedy Algorithm
[(4, 0), (0, 5), (5, 4), (4, 1), (1, 3), (3, 2), (2, 2), (2, 5), (5, 5), (5, 6)];1;2;(4, 6);[4.334, 3.4669999999999996, 5.234, 3.734, 4.5, 5.8, 5.001];Minimax Algorithm
[(4, 0), (0, 5), (5, 4), (4, 1), (1, 3), (3, 2), (2, 2), (2, 5), (5, 5), (5, 6), (6, 4)];1;2;(3, 4);[5.333, 5.333, 6.333, 9.0, 6.0, 7.333, 7.0];Greedy Algorithm
[];0;0;(3, 3);[1, 2, 2, 3.286, 2, 0, 3.286];Minimax Algorithm
[(3, 3)];0;0;(3, 5);[2.333, 2.333, 1.333, 4.167, 2.333, 3.6650000000000005, 0.5];Greedy Algorithm
[(3, 3), (3, 5)];2;0;(3, 4);[1.5, 2.833, 2.833, 4.286, 3.166, 3.5, 3.786];Minimax Algorithm
[(4, 3), (3, 3), (3, 5)];2;0;(5, 5);[2.4, 2.8, 1.7999999999999998, 5.167, 4.2, 4.0, 0.5670000000000001];Greedy Algorithm
[(4, 3), (3, 3), (3, 5), (5, 5)];1;0;(4, 6);[1.7999999999999998, 2.733, 2.733, 4.4, 3.066, 4.0, 4.2];Minimax Algorithm
[(6, 4), (4, 3), (3, 3), (3, 5), (5, 5)];2;0;(2, 6);[2.1999999999999997, 2.733, 3.1999999999999997, 4.4, 3.133, 4.0, 4.2];Minimax Algorithm
[(2, 6), (6, 4), (4, 3), (3, 3), (3, 5), (5, 5)];2;0;(2, 3);[2.767, 3.067, 3.067, 5.333, 5.467, 5.335, 3.0999999999999996];Greedy Algorithm
[(3, 2), (2, 6), (6, 4), (4, 3), (3, 3), (3, 5), (5, 5)];1;0;(0, 3);[3.0, 2.833, 4.65, 5.4, 3.233, 4.5, 4.65];Minimax Algorithm
[(0, 3), (3, 2), (2, 6), (6, 4), (4, 3), (3, 3), (3, 5), (5, 5)];1;0;(0, 4);[4.1, 3.5, 3.5, 6.333, 6.0, 7.0, 3.433];Greedy Algorithm
[(4, 0), (0, 3), (3, 2), (2, 6), (6, 4), (4, 3), (3, 3), (3, 5), (5, 5)];0;0;(4, 4);[4.1, 3.5, 3.5, 6.333, 6.0, 7.0, 3.433];Greedy Algorithm
[];0;0;(1, 1);[1.286, 2.572, 1, 1.286, 2, 2, 3];Minimax Algorithm
[(1, 1)];0;0;(1, 4);[1.167, 4.334, 2.333, 2.167, 3.333, 1, 1];Greedy Algorithm
[(1, 1), (1, 4)];1;2;(1, 6);[1.619, 3.572, 1.333, 1.286, 3.333, 2.333, 3.6660000000000004];Minimax Algorithm
[(6, 1), (1, 1), (1, 4)];1;2;(4, 6);[1.5670000000000002, 5.334, 2.333, 2.167, 3.333, 1.4, 2.8];Greedy Algorithm
[(6, 1), (1, 1), (1, 4), (4, 6)];2;2;(3, 6);[1.486, 3.886, 1.933, 2.8, 4.333, 2.8000000000000003, 4.4];Minimax Algorithm
[(6, 1), (1, 1), (1, 4), (4, 6), (6, 3)];2;2;(3, 4);[1.667, 5.334, 2.5, 3.167, 3.5, 1.5, 4.0];Greedy Algorithm
[(6, 1), (1, 1), (1, 4), (4, 6), (6, 3), (3, 4)];1;2;(2, 6);[2.236, 3.886, 3.5, 3.95, 5.25, 3.5500000000000003, 4.4];Minimax Algorithm
[(2, 6), (6, 1), (1, 1), (1, 4), (4, 6), (6, 3), (3, 4)];1;2;(2, 2);[2.334, 5.334, 5.667999999999999, 3.834, 3.667, 2.167, 5.0];Greedy Algorithm
[(2, 2), (2, 6), (6, 1), (1, 1), (1, 4), (4, 6), (6, 3), (3, 4)];0;2;(0, 4);[5.0, 4.6, 5.0009999999999994, 3.867, 5.667, 4.467, 5.2];Minimax Algorithm
[(2, 2), (2, 6), (6, 1), (1, 1), (1, 4), (4, 6), (6, 3), (3, 4), (4, 0)];0;2;(0, 3);[3.667, 6.167, 7.0, 6.0, 5.0, 3.5, 5.0];Greedy Algorithm
[(2, 2), (2, 6), (6, 1), (1, 1), (1, 4), (4, 6), (6, 3), (3, 4), (4, 0), (0, 3)];0;0;(1, 2);[4.0, 6.5, 7.0, 6.0, 5.0, 3.5, 5.0];Greedy Algorithm
[(1, 2), (2, 2), (2, 6), (6, 1), (1, 1), (1, 4), (4, 6), (6, 3), (3, 4), (4, 0), (0, 3)];0;0;(1, 5);[5.5, 6.5, 7.5, 6.0, 5.0, 6.5, 6.0];Greedy Algorithm
[];2;0;(1, 1);[1.143, 4.428999999999999, 3, 1.143, 0.143, 1, 3];Greedy Algorithm
[(1, 1)];0;0;(1, 6);[1.143, 4.428999999999999, 3, 1.143, 0.143, 1.286, 3.286];Greedy Algorithm
[(1, 1), (1, 6)];0;2;(4, 6);[2.8, 3.1999999999999997, 2.4, 3.8, 4.0, 0.4, 3];Minimax Algorithm
[(1, 1), (1, 6), (6, 4)];0;2;(1, 2);[1.643, 4.786, 3.833, 1.643, 3.5, 2.1189999999999998, 4.286];Greedy Algorithm
[(2, 1), (1, 1), (1, 6), (6, 4)];2;1;(2, 3);[2.9, 4.4, 3.5, 4.5, 4.5, 1.0, 3];Minimax Algorithm
[(3, 2), (2, 1), (1, 1), (1, 6), (6, 4)];2;1;(3, 6);[1.7429999999999999, 4.885999999999999, 4.933, 2.743, 4.0, 2.133, 4.2];Greedy Algorithm
[(6, 3), (3, 2), (2, 1), (1, 1), (1, 6), (6, 4)];1;1;(0, 6);[4.001, 4.834, 3.667, 5.667, 5.335, 1.834, 4];Minimax Algorithm
[(0, 6), (6, 3), (3, 2), (2, 1), (1, 1), (1, 6), (6, 4)];1;1;(0, 2);[2.893, 5.036, 5.0, 2.893, 4.75, 2.2, 5.2];Greedy Algorithm
[(2, 0), (0, 6), (6, 3), (3, 2), (2, 1), (1, 1), (1, 6), (6, 4)];1;1;(2, 2);[5.334, 5.167, 5.5, 6.0, 7.0, 2.667, 4];Minimax Algorithm
[(2, 2), (2, 0), (0, 6), (6, 3), (3, 2), (2, 1), (1, 1), (1, 6), (6, 4)];1;1;(2, 6);[3.143, 5.286, 6.25, 3.143, 6.0, 2.583, 5.333];Greedy Algorithm
[(6, 2), (2, 2), (2, 0), (0, 6), (6, 3), (3, 2), (2, 1), (1, 1), (1, 6), (6, 4)];0;1;(4, 4);[6.334, 6.167, 7.5, 7.0, 12.0, 4.667, 6.0];Minimax Algorithm
[];0;0;(5, 5);[2, 2, 1, 1.143, 1, 4.143, 2];Minimax Algorithm
[(5, 5)];0;0;(2, 5);[3, 1.333, 2.999, 1.333, 1.333, 3.333, 3.333];Greedy Algorithm
[(5, 5), (5, 2)];3;1;(5, 6);[2, 2.333, 2.999, 1.476, 1.333, 5.143, 2.666];Minimax Algorithm
[(6, 5), (5, 5), (5, 2)];3;1;(6, 6);[3, 1.4, 3.1999999999999997, 1.533, 1.4, 4.333, 4.6];Greedy Algorithm
[(6, 6), (6, 5), (5, 5), (5, 2)];1;1;(1, 6);[2, 3.2, 3.1999999999999997, 1.876, 1.8, 5.143, 3.7329999999999997];Minimax Algorithm
[(1, 6), (6, 6), (6, 5), (5, 5), (5, 2)];1;1;(2, 3);[3, 3.75, 3.3, 4.0, 2.65, 4.75, 6.15];Greedy Algorithm
[(1, 6), (6, 6), (6, 5), (5, 5), (5, 2), (2, 3)];1;1;(1, 5);[2, 3.3, 4.2, 4.0, 2.3, 5.5, 3.9];Minimax Algorithm
[(5, 1), (1, 6), (6, 6), (6, 5), (5, 5), (5, 2), (2, 3)];1;1;(0, 5);[3.667, 5.0, 3.3, 5.0, 3.567, 6.0, 6.4];Greedy Algorithm
[(0, 5), (5, 1), (1, 6), (6, 6), (6, 5), (5, 5), (5, 2), (2, 3)];2;1;(0, 3);[3.667, 3.3, 4.2, 4.0, 2.967, 6.5, 3.9];Minimax Algorithm
[(0, 5), (5, 1), (1, 6), (6, 6), (6, 5), (5, 5), (5, 2), (2, 3), (3, 0)];2;1;(0, 6);[4.5, 5.0, 3.4, 5.5, 3.4, 6.0, 6.0];Greedy Algorithm
[(0, 5), (5, 1), (1, 6), (6, 6), (6, 5), (5, 5), (5, 2), (2, 3), (3, 0), (0, 6)];1;0;(0, 2);[4.667, 3.9, 5.5, 4.0, 3.567, 6.5, 5.0];Minimax Algorithm
[(2, 0), (0, 5), (5, 1), (1, 6), (6, 6), (6, 5), (5, 5), (5, 2), (2, 3), (3, 0), (0, 6)];1;0;(4, 6);[8.0, 9.0, 10.0, 7.5, 13.0, 6.0, 7.5];Greedy Algorithm
[(2, 0), (0, 5), (5, 1), (1, 6), (6, 6), (6, 5), (5, 5), (5, 2), (2, 3), (3, 0), (0, 6), (6, 4)];0;1;(4, 5);[4.667, 4.9, 9.0, 3.5, 5.567, 6.0, 7.5];Minimax Algorithm
[];0;1;(4, 4);[1.286, 2, 1.286, 0, 3.858, 3.286, 2];Greedy Algorithm
[(4, 4)];1;1;(3, 4);[2.333, 1.167, 2.333, 4.334, 2.999, 2.333, 1.167];Minimax Algorithm
[(4, 4), (4, 3)];1;1;(4, 6);[1.619, 2.5, 1.619, 2.0, 4.8580000000000005, 3.619, 3.499];Greedy Algorithm
[(6, 4), (4, 4), (4, 3)];1;3;(0, 3);[3.1999999999999997, 1.5670000000000002, 2.733, 4.567, 4.066000000000001, 2.733, 3.5999999999999996];Minimax Algorithm
[(6, 4), (4, 4), (4, 3), (3, 0)];1;3;(6, 6);[3.1999999999999997, 2.9, 1.686, 2.9, 4.9719999999999995, 3.686, 3.6];Greedy Algorithm
[(6, 6), (6, 4), (4, 4), (4, 3), (3, 0)];1;1;(1, 6);[3.5, 3.0, 3.483, 5.15, 4.166, 2.733, 4.699999999999999];Minimax Algorithm
[(1, 6), (6, 6), (6, 4), (4, 4), (4, 3), (3, 0)];1;1;(1, 5);[3.5, 4.0, 1.686, 2.9, 5.286, 4.0, 4.8];Greedy Algorithm
[(5, 1), (1, 6), (6, 6), (6, 4), (4, 4), (4, 3), (3, 0)];2;1;(3, 5);[4.0009999999999994, 3.75, 3.483, 4.666, 4.333, 3.733, 4.800000000000001];Minimax Algorithm
[(3, 5), (5, 1), (1, 6), (6, 6), (6, 4), (4, 4), (4, 3), (3, 0)];2;1;(0, 5);[3.5, 4.167, 1.686, 4.334, 5.119, 4.666, 4.9];Greedy Algorithm
[(3, 5), (5, 1), (1, 6), (6, 6), (6, 4), (4, 4), (4, 3), (3, 0), (0, 5)];1;1;(2, 3);[5.0009999999999994, 4.0, 5.0, 4.666, 5.167, 5.0, 5.5];Minimax Algorithm
[(2, 3), (3, 5), (5, 1), (1, 6), (6, 6), (6, 4), (4, 4), (4, 3), (3, 0), (0, 5)];1;1;(2, 5);[3.5, 5.167, 5.0, 5.334, 5.833, 4.666, 5.5];Greedy Algorithm
[(2, 3), (3, 5), (5, 1), (1, 6), (6, 6), (6, 4), (4, 4), (4, 3), (3, 0), (0, 5), (5, 2)];1;1;(0, 2);[9.0, 6.333, 9.0, 4.666, 7.5, 6.0, 7.833];Minimax Algorithm
[];0;0;(1, 1);[2, 4.428999999999999, 0.143, 2, 1.143, 2, 2.143];Minimax Algorithm
[(1, 1)];3;3;(0, 1);[2.572, 4.428999999999999, 0.42899999999999994, 2, 1.4289999999999998, 2, 2.143];Minimax Algorithm
[(1, 1), (1, 0)];3;3;(0, 6);[3, 3.1999999999999997, 2.4, 2, 0.4, 3, 3.4];Greedy Algorithm
[(1, 1), (1, 0), (0, 6)];2;2;(1, 5);[3.572, 4.619, 0.42899999999999994, 2.333, 1.762, 2.6660000000000004, 3.333];Minimax Algorithm
[(5, 1), (1, 1), (1, 0), (0, 6)];2;2;(5, 5);[3, 4.3, 2.4, 2.25, 0.65, 4.5, 3.5];Greedy Algorithm
[(5, 5), (5, 1), (1, 1), (1, 0), (0, 6)];1;2;(0, 5);[3.8, 4.686, 0.543, 2.333, 1.8760000000000001, 3.6660000000000004, 3.4];Minimax Algorithm
[(0, 5), (5, 5), (5, 1), (1, 1), (1, 0), (0, 6)];1;2;(5, 6);[4.666, 4.3, 2.733, 2.333, 1.066, 5.666, 3.5];Greedy Algorithm
[(0, 5), (5, 5), (5, 1), (1, 1), (1, 0), (0, 6), (6, 5)];0;0;(2, 5);[5.0, 4.567, 4.668, 3.0, 1.733, 5.666, 3.5];Greedy Algorithm
[(0, 5), (5, 5), (5, 1), (1, 1), (1, 0), (0, 6), (6, 5), (5, 2)];0;0;(2, 6);[4.666, 4.734, 4.334, 3.0, 1.733, 5.666, 3.667];Greedy Algorithm
[(0, 5), (5, 5), (5, 1), (1, 1), (1, 0), (0, 6), (6, 5), (5, 2), (2, 6)];0;2;(4, 6);[5.5, 6.043, 4.643, 3.833, 8.5, 6.833, 5.4];Minimax Algorithm
[(0, 5), (5, 5), (5, 1), (1, 1), (1, 0), (0, 6), (6, 5), (5, 2), (2, 6), (6, 4)];0;2;(0, 3);[5.833, 5.834, 5.5, 5.5, 8.5, 7.5, 4.667];Greedy Algorithm
[(3, 0), (0, 5), (5, 5), (5, 1), (1, 1), (1, 0), (0, 6), (6, 5), (5, 2), (2, 6), (6, 4)];2;0;(3, 6);[8.0, 8.143, 6.143, 6.333, 16.0, 8.333, 6.0];Minimax Algorithm
[];0;0;(2, 2);[1, 3, 4.286, 1, 0.143, 2, 1.143];Minimax Algorithm
[(2, 2)];0;0;(0, 2);[3.0, 3, 2.6660000000000004, 3.5, 2.833, 1.5, 2.833];Greedy Algorithm
[(2, 2), (2, 0)];3;1;(1, 2);[3.3320000000000007, 3, 5.286, 1.333, 0.476, 2.333, 1.476];Minimax Algorithm
[(1, 2), (2, 2), (2, 0)];3;1;(1, 3);[3.4000000000000004, 4, 3.6660000000000004, 4.4, 3.333, 2.0, 2.933];Greedy Algorithm
[(3, 1), (1, 2), (2, 2), (2, 0)];1;1;(2, 3);[3.5999999999999996, 4, 5.4, 2.4, 0.6000000000000001, 2.4, 1.5999999999999999];Minimax Algorithm
[(2, 3), (3, 1), (1, 2), (2, 2), (2, 0)];1;1;(2, 5);[3.5999999999999996, 4, 5.4, 2.8, 1.0, 3.5999999999999996, 2.0];Minimax Algorithm
[(5, 2), (2, 3), (3, 1), (1, 2), (2, 2), (2, 0)];1;1;(1, 5);[5.0, 4, 5.866, 5.800000000000001, 3.8329999999999997, 3.4, 3.433];Greedy Algorithm
[(1, 5), (5, 2), (2, 3), (3, 1), (1, 2), (2, 2), (2, 0)];2;1;(0, 1);[3.5999999999999996, 5, 5.4, 2.8, 1.0, 4.6, 2.0];Minimax Algorithm
[(1, 5), (5, 2), (2, 3), (3, 1), (1, 2), (2, 2), (2, 0), (0, 1)];2;1;(1, 4);[6.0, 5, 6.433, 6.4, 6.0, 4.4, 3.433];Greedy Algorithm
[(1, 5), (5, 2), (2, 3), (3, 1), (1, 2), (2, 2), (2, 0), (0, 1), (1, 4)];1;0;(1, 6);[4.8, 6, 7.0, 3.8, 5.0, 5.8, 4.0];Minimax Algorithm
[(6, 1), (1, 5), (5, 2), (2, 3), (3, 1), (1, 2), (2, 2), (2, 0), (0, 1), (1, 4)];1;0;(4, 6);[7.0, 6, 8.0, 6.4, 6.0, 6.4, 9.0];Greedy Algorithm
[(6, 1), (1, 5), (5, 2), (2, 3), (3, 1), (1, 2), (2, 2), (2, 0), (0, 1), (1, 4), (4, 6)];0;0;(3, 6);[7.0, 6, 8.0, 7.0, 6.0, 7.0, 9.0];Greedy Algorithm
[(6, 1), (1, 5), (5, 2), (2, 3), (3, 1), (1, 2), (2, 2), (2, 0), (0, 1), (1, 4), (4, 6), (6, 3)];0;0;(3, 3);[7.0, 6, 8.0, 7.0, 6.0, 7.0, 9.0];Greedy Algorithm
[];0;0;(1, 1);[2, 3.144, 1.286, 2.286, 1, 2.286, 2.286];Minimax Algorithm
[(1, 1)];0;0;(1, 4);[1.333, 3.3320000000000003, 3.666, 0.666, 3.332, 2.333, 3.6660000000000004];Greedy Algorithm
[(1, 1), (1, 4)];1;1;(0, 1);[2.9989999999999997, 4.144, 1.952, 2.952, 3.332, 2.286, 2.6189999999999998];Minimax Algorithm
[(0, 1), (1, 1), (1, 4)];1;1;(4, 4);[3.1999999999999997, 4.332000000000001, 4.133, 1.133, 3.5999999999999996, 2.333, 3.733];Greedy Algorithm
[(0, 1), (1, 1), (1, 4), (4, 4)];1;1;(0, 5);[3.066, 4.258, 2.019, 3.419, 4.6, 2.8, 2.686];Minimax Algorithm
[(5, 0), (0, 1), (1, 1), (1, 4), (4, 4)];1;1;(5, 6);[4.3, 4.4990000000000006, 4.2330000000000005, 1.233, 4.0, 3.333, 4.0];Greedy Algorithm
[(6, 5), (5, 0), (0, 1), (1, 1), (1, 4), (4, 4)];2;1;(6, 6);[3.166, 4.4719999999999995, 2.1189999999999998, 3.5189999999999997, 5.0, 3.8, 4.0];Minimax Algorithm
[(6, 6), (6, 5), (5, 0), (0, 1), (1, 1), (1, 4), (4, 4)];2;1;(2, 6);[4.734, 4.833, 5.001, 1.4000000000000001, 4.668, 3.333, 5.167];Greedy Algorithm
[(2, 6), (6, 6), (6, 5), (5, 0), (0, 1), (1, 1), (1, 4), (4, 4)];1;1;(2, 3);[3.667, 4.853000000000001, 3.286, 4.668, 5.668, 4.067, 5.167];Minimax Algorithm
[(3, 2), (2, 6), (6, 6), (6, 5), (5, 0), (0, 1), (1, 1), (1, 4), (4, 4)];1;1;(3, 6);[3.667, 4.686000000000001, 3.286, 4.668, 5.668, 4.067, 5.0];Minimax Algorithm
[(6, 3), (3, 2), (2, 6), (6, 6), (6, 5), (5, 0), (0, 1), (1, 1), (1, 4), (4, 4)];1;1;(0, 6);[9.0, 4.933, 8.667, 6.5329999999999995, 10.0, 3.4330000000000003, 7.5];Greedy Algorithm
[(0, 6), (6, 3), (3, 2), (2, 6), (6, 6), (6, 5), (5, 0), (0, 1), (1, 1), (1, 4), (4, 4)];0;1;(4, 5);[6.0, 5.2860000000000005, 3.9530000000000003, 5.334, 6.0009999999999994, 5.0, 6.0];Minimax Algorithm
[];0;1;(1, 1);[1.286, 3.572, 2, 0.286, 1, 3, 2];Greedy Algorithm
[(1, 1)];2;2;(1, 2);[0.333, 3.6660000000000004, 2.6660000000000004, 3.333, 2.333, 2, 2.333];Minimax Algorithm
[(1, 1), (1, 2)];2;2;(2, 5);[1.5, 4.334, 3, 0.167, 1.333, 3.666, 2];Greedy Algorithm
[(1, 1), (1, 2), (2, 5)];1;2;(1, 5);[0.4, 3.8, 3.6660000000000004, 3.4, 2.333, 3, 2.333];Minimax Algorithm
[(1, 1), (1, 2), (2, 5), (5, 1)];1;2;(1, 6);[1.9329999999999998, 5.4, 3.4, 0.6000000000000001, 1.333, 4.666, 3.1999999999999997];Greedy Algorithm
[(1, 1), (1, 2), (2, 5), (5, 1), (1, 6)];0;2;(6, 6);[0.75, 4.5, 3.833, 3.75, 2.333, 3, 4.5];Minimax Algorithm
[(1, 1), (1, 2), (2, 5), (5, 1), (1, 6), (6, 6)];0;2;(5, 6);[1.9, 5.5, 3.4, 0.65, 1.25, 4.5, 4.199999999999999];Greedy Algorithm
[(1, 1), (1, 2), (2, 5), (5, 1), (1, 6), (6, 6), (6, 5)];0;1;(3, 5);[1.5, 5.0, 3.833, 5.0009999999999994, 2.333, 4, 5.667];Minimax Algorithm
[(1, 1), (1, 2), (2, 5), (5, 1), (1, 6), (6, 6), (6, 5), (5, 3)];0;1;(1, 4);[3.9, 6.25, 4.4, 4.0, 4.0, 6.25, 4.8];Greedy Algorithm
[(4, 1), (1, 1), (1, 2), (2, 5), (5, 1), (1, 6), (6, 6), (6, 5), (5, 3)];2;2;(3, 4);[2.5, 6.0, 4.5, 5.0009999999999994, 6.0, 5.0, 5.667];Minimax Algorithm
[(4, 1), (1, 1), (1, 2), (2, 5), (5, 1), (1, 6), (6, 6), (6, 5), (5, 3), (3, 4)];1;1;(4, 6);[2.5, 6.0, 4.5, 4.834, 6.0, 5.0, 5.5];Minimax Algorithm
[];0;0;(2, 2);[0, 1, 3.286, 3, 2, 1.286, 2];Greedy Algorithm
[(2, 2)];3;3;(2, 6);[2, 2, 4.167, 1.333, 1, 1.5, 3.6660000000000004];Minimax Algorithm
[(2, 2), (2, 6)];3;3;(6, 6);[0, 1, 4.167, 3.333, 2, 1.5, 3.6660000000000004];Greedy Algorithm
[(2, 2), (2, 6), (6, 6)];2;2;(1, 2);[2.4, 3.1999999999999997, 4.167, 1.5999999999999999, 1.4, 1.367, 4.4];Minimax Algorithm
[(1, 2), (2, 2), (2, 6), (6, 6)];2;2;(1, 6);[0.4, 3.1999999999999997, 5.167, 3.733, 2.4, 1.5, 3.6660000000000004];Greedy Algorithm
[(1, 2), (2, 2), (2, 6), (6, 6), (6, 1)];1;1;(1, 5);[3.25, 4.5, 4.75, 1.7, 2.25, 4.0, 5.95];Minimax Algorithm
[(1, 2), (2, 2), (2, 6), (6, 6), (6, 1), (1, 5)];1;1;(3, 5);[1.0, 4.5, 5.167, 4.5, 2.5, 2.5, 3.833];Greedy Algorithm
[(1, 2), (2, 2), (2, 6), (6, 6), (6, 1), (1, 5), (5, 3)];0;1;(3, 3);[4.084, 5.001, 4.75, 4.001, 2.417, 5.0, 6.417];Minimax Algorithm
[(1, 2), (2, 2), (2, 6), (6, 6), (6, 1), (1, 5), (5, 3), (3, 3)];0;1;(3, 4);[1.834, 5.001, 5.167, 5.667, 4.001, 3.167, 3.833];Greedy Algorithm
[(1, 2), (2, 2), (2, 6), (6, 6), (6, 1), (1, 5), (5, 3), (3, 3), (3, 4)];0;1;(4, 6);[4.417, 6.0, 4.75, 5.167, 3.75, 4.75, 6.0];Minimax Algorithm
[(1, 2), (2, 2), (2, 6), (6, 6), (6, 1), (1, 5), (5, 3), (3, 3), (3, 4), (4, 6)];0;1;(0, 6);[6.0, 6.0, 4.75, 5.5, 4.75, 5.0, 6.0];Minimax Algorithm
[(1, 2), (2, 2), (2, 6), (6, 6), (6, 1), (1, 5), (5, 3), (3, 3), (3, 4), (4, 6), (6, 0)];0;1;(0, 2);[6.0, 6.0, 4.5, 5.5, 4.75, 4.75, 6.0];Minimax Algorithm
[];0;1;(4, 4);[2.286, 3.286, 0.286, 1, 3.1439999999999997, 2.286, 3];Minimax Algorithm
[(4, 4)];0;1;(3, 4);[2.333, 0.666, 3.333, 3.6660000000000004, 3.3320000000000003, 3.333, 1.333];Greedy Algorithm
[(4, 4), (4, 3)];1;1;(4, 6);[2.286, 3.6189999999999998, 0.619, 2.6660000000000004, 4.144, 2.286, 3.666];Minimax Algorithm
[(6, 4), (4, 4), (4, 3)];1;1;(3, 5);[2.733, 0.666, 3.733, 3.733, 4.399, 3.8, 2.8];Greedy Algorithm
[(6, 4), (4, 4), (4, 3), (3, 5)];2;2;(1, 6);[2.686, 4.199999999999999, 1.019, 3.733, 4.372, 3.8, 3.666];Minimax Algorithm
[(1, 6), (6, 4), (4, 4), (4, 3), (3, 5)];2;2;(5, 5);[2.833, 3.25, 4.4830000000000005, 4.15, 4.916, 4.0, 3.8];Greedy Algorithm
[(1, 6), (6, 4), (4, 4), (4, 3), (3, 5), (5, 5)];2;2;(1, 5);[2.686, 4.5, 1.119, 3.833, 4.4719999999999995, 4.8, 3.666];Minimax Algorithm
[(1, 6), (6, 4), (4, 4), (4, 3), (3, 5), (5, 5), (5, 1)];1;1;(0, 1);[3.0, 4.5, 1.119, 3.833, 4.686, 4.9, 3.666];Minimax Algorithm
[(1, 6), (6, 4), (4, 4), (4, 3), (3, 5), (5, 5), (5, 1), (1, 0)];1;1;(0, 6);[3.833, 6.0, 5.333, 5.0, 5.166, 5.0, 5.0];Greedy Algorithm
[(1, 6), (6, 4), (4, 4), (4, 3), (3, 5), (5, 5), (5, 1), (1, 0), (0, 6)];0;1;(5, 6);[3.833, 5.001, 1.286, 4.0, 4.7860000000000005, 4.666, 4.666];Minimax Algorithm
[(1, 6), (6, 4), (4, 4), (4, 3), (3, 5), (5, 5), (5, 1), (1, 0), (0, 6), (6, 5)];0;1;(2, 5);[3.833, 9.0, 9.0, 6.0, 7.833, 6.0, 7.0];Greedy Algorithm
[(1, 6), (6, 4), (4, 4), (4, 3), (3, 5), (5, 5), (5, 1), (1, 0), (0, 6), (6, 5), (5, 2)];0;0;(2, 3);[3.833, 9.0, 9.0, 7.0, 7.833, 6.0, 8.0];Greedy Algorithm
[(1, 6), (6, 4), (4, 4), (4, 3), (3, 5), (5, 5), (5, 1), (1, 0), (0, 6), (6, 5), (5, 2), (2, 3)];0;1;(0, 3);[7.0, 9.0, 4.619, 6.333, 7.619, 7.333, 4.666];Minimax Algorithm
[];0;1;(6, 6);[1.286, 0.286, 1.286, 4, 2, 2, 3.8579999999999997];Minimax Algorithm
[(6, 6)];0;1;(5, 6);[2.6660000000000004, 2.333, 2.333, 1, 3, 3.333, 2.999];Greedy Algorithm
[(6, 6), (6, 5)];2;2;(3, 6);[1.619, 0.286, 1.453, 4.167, 2, 3.333, 4.858];Minimax Algorithm
[(3, 6), (6, 6), (6, 5)];2;2;(4, 5);[2.6660000000000004, 2.733, 2.733, 2.4, 3.4, 3.333, 3.999];Greedy Algorithm
[(3, 6), (6, 6), (6, 5), (5, 4)];3;2;(3, 4);[1.619, 0.286, 1.486, 4.2, 3, 4.333, 4.858];Minimax Algorithm
[(3, 6), (6, 6), (6, 5), (5, 4), (4, 3), (3, 1)];2;0;(3, 5);[2.286, 4.0, 2.2359999999999998, 5.2, 3.75, 4.25, 5.322];Minimax Algorithm
[(5, 3), (3, 6), (6, 6), (6, 5), (5, 4), (4, 3), (3, 1)];2;0;(1, 5);[3.1660000000000004, 4.0, 3.333, 4.5, 4.5, 4.333, 4.166];Greedy Algorithm
[(5, 3), (3, 6), (6, 6), (6, 5), (5, 4), (4, 3), (3, 1), (1, 5)];1;1;(2, 5);[2.369, 5.25, 4.0, 6.0, 3.75, 5.333, 6.036];Minimax Algorithm
[(5, 3), (3, 6), (6, 6), (6, 5), (5, 4), (4, 3), (3, 1), (1, 5), (5, 2)];1;1;(2, 4);[3.333, 4.0, 4.333, 4.5, 4.5, 5.5, 4.166];Greedy Algorithm
[(5, 3), (3, 6), (6, 6), (6, 5), (5, 4), (4, 3), (3, 1), (1, 5), (5, 2), (2, 4)];0;1;(4, 6);[2.75, 5.0, 4.5, 6.0, 4.75, 5.5, 5.5];Minimax Algorithm
[];0;0;(2, 2);[4, 1, 1.858, 1.429, 2, 1.429, 2];Greedy Algorithm
[(2, 2)];4;4;(2, 4);[2, 2, 5.334, 0.5, 3.6660000000000004, 0.5, 2];Minimax Algorithm
[(2, 2), (2, 4)];4;4;(0, 4);[4, 1, 2.6660000000000004, 1.333, 3, 1.333, 2];Greedy Algorithm
[(2, 2), (2, 4), (4, 0)];3;2;(0, 2);[3, 2, 5.4, 0.533, 4.666, 0.533, 2];Minimax Algorithm
[(2, 2), (2, 4), (4, 0), (0, 2)];2;2;(1, 2);[3, 3.1999999999999997, 5.4, 0.933, 4.666, 0.933, 2.4];Minimax Algorithm
[(2, 2), (2, 4), (4, 0), (0, 2), (2, 1)];2;2;(1, 4);[5, 2, 4.5, 1.75, 4.0, 1.75, 2];Greedy Algorithm
[(2, 2), (2, 4), (4, 0), (0, 2), (2, 1), (1, 4)];1;2;(2, 6);[3, 4.3, 5.4, 1.35, 5.5, 1.35, 3.5];Minimax Algorithm
[(6, 2), (2, 2), (2, 4), (4, 0), (0, 2), (2, 1), (1, 4)];1;2;(6, 6);[5, 2.667, 5.5, 2.584, 4.334, 2.584, 5.0009999999999994];Greedy Algorithm
[(6, 6), (6, 2), (2, 2), (2, 4), (4, 0), (0, 2), (2, 1), (1, 4)];1;2;(4, 6);[3, 4.467, 5.4, 1.5170000000000001, 5.5, 1.5170000000000001, 5.001];Minimax Algorithm
[(6, 6), (6, 2), (2, 2), (2, 4), (4, 0), (0, 2), (2, 1), (1, 4), (4, 6)];1;2;(0, 6);[5, 2.5, 5.5, 2.417, 5.334, 2.417, 5.5];Greedy Algorithm
[(6, 6), (6, 2), (2, 2), (2, 4), (4, 0), (0, 2), (2, 1), (1, 4), (4, 6), (6, 0)];0;1;(0, 1);[4, 6.0, 5.4, 1.95, 5.5, 1.95, 6.0];Minimax Algorithm
[];0;0;(3, 3);[1, 1.286, 1.286, 3.572, 2, 3, 1];Greedy Algorithm
[(3, 3)];2;2;(3, 6);[2.333, 2.333, 1.333, 3.666, 3.333, 1.333, 2.9990000000000006];Minimax Algorithm
[(3, 3), (3, 6)];2;2;(3, 4);[1.333, 1.286, 1.619, 4.572, 2.6660000000000004, 3.333, 2.9990000000000006];Greedy Algorithm
[(4, 3), (3, 3), (3, 6)];3;1;(4, 4);[2.4, 2.333, 1.533, 4.666, 4.6000000000000005, 1.4, 3.1999999999999997];Minimax Algorithm
[(4, 4), (4, 3), (3, 3), (3, 6)];3;1;(4, 5);[1.7999999999999998, 1.686, 1.619, 4.572, 3.733, 4.2, 3.1999999999999997];Greedy Algorithm
[(5, 4), (4, 4), (4, 3), (3, 3), (3, 6)];1;1;(3, 5);[2.5, 2.25, 1.45, 4.5, 5.7, 2.5, 3.5];Minimax Algorithm
[(3, 5), (5, 4), (4, 4), (4, 3), (3, 3), (3, 6)];1;1;(1, 6);[1.7999999999999998, 3.25, 2.333, 6.0, 3.733, 5.550000000000001, 3.1999999999999997];Greedy Algorithm
[(3, 5), (5, 4), (4, 4), (4, 3), (3, 3), (3, 6), (6, 1)];0;2;(0, 1);[4.0009999999999994, 3.333, 2.2, 4.666, 5.7, 3.167, 4.667];Minimax Algorithm
[(3, 5), (5, 4), (4, 4), (4, 3), (3, 3), (3, 6), (6, 1), (1, 0)];0;2;(0, 3);[2.8, 3.833, 2.416, 5.666, 3.733, 5.550000000000001, 3.1999999999999997];Greedy Algorithm
[];0;0;(2, 2);[2, 2, 3.286, 0, 3.286, 1, 2];Greedy Algorithm
[(2, 2)];3;3;(2, 6);[1, 1, 4.167, 2.167, 1.167, 1, 4.167];Minimax Algorithm
[(2, 2), (2, 6)];3;3;(4, 6);[2, 2, 4.333, 0, 3.6660000000000004, 1.333, 3];Greedy Algorithm
[(2, 2), (2, 6), (6, 4)];2;1;(2, 3);[1.4, 1.4, 4.4, 3.5999999999999996, 2.8, 1.8, 5.4];Minimax Algorithm
[(3, 2), (2, 2), (2, 6), (6, 4)];2;1;(1, 4);[3.0, 3.1999999999999997, 5.333, 3.2, 3.6660000000000004, 2.333, 3.6];Greedy Algorithm
[(3, 2), (2, 2), (2, 6), (6, 4), (4, 1)];1;1;(3, 4);[1.9, 3.5, 4.5, 3.6999999999999997, 4.0, 2.4, 5.4];Minimax Algorithm
[(4, 3), (3, 2), (2, 2), (2, 6), (6, 4), (4, 1)];1;1;(0, 4);[3.5, 3.5, 5.333, 4.2, 4.666, 2.9330000000000003, 3.6];Greedy Algorithm
[(0, 4), (4, 3), (3, 2), (2, 2), (2, 6), (6, 4), (4, 1)];1;1;(0, 2);[3.067, 4.001, 4.333, 3.867, 4.833, 2.567, 5.4];Minimax Algorithm
[(2, 0), (0, 4), (4, 3), (3, 2), (2, 2), (2, 6), (6, 4), (4, 1)];1;1;(2, 5);[5.167, 4.001, 6.333, 4.7669999999999995, 5.333, 4.667, 3.6];Greedy Algorithm
[(5, 2), (2, 0), (0, 4), (4, 3), (3, 2), (2, 2), (2, 6), (6, 4), (4, 1)];1;1;(5, 6);[3.4, 5.0, 5.333, 4.3, 4.833, 3.9, 5.5];Minimax Algorithm
[(6, 5), (5, 2), (2, 0), (0, 4), (4, 3), (3, 2), (2, 2), (2, 6), (6, 4), (4, 1)];1;1;(0, 6);[6.0, 5.0, 6.333, 5.6, 5.333, 6.0, 4.6];Greedy Algorithm
[(0, 6), (6, 5), (5, 2), (2, 0), (0, 4), (4, 3), (3, 2), (2, 2), (2, 6), (6, 4), (4, 1)];0;1;(1, 6);[9.0, 6.0, 5.333, 5.4, 4.833, 5.9, 6.0];Minimax Algorithm
[(0, 6), (6, 5), (5, 2), (2, 0), (0, 4), (4, 3), (3, 2), (2, 2), (2, 6), (6, 4), (4, 1), (1, 6)];0;1;(6, 6);[9.0, 6.0, 5.333, 5.4, 4.833, 5.9, 6.0];Minimax Algorithm
[];0;1;(3, 3);[1.286, 3, 1.286, 3.43, 1.286, 1.286, 2.286];Minimax Algorithm
[(3, 3)];1;1;(1, 3);[1.286, 3.286, 1.286, 3.43, 1.572, 1.286, 2.286];Minimax Algorithm
[(3, 3), (3, 1)];1;1;(1, 6);[2.8, 3, 2.4, 3.9999999999999996, 2.8, 4.4, 3.1999999999999997];Greedy Algorithm
[(3, 3), (3, 1), (1, 6)];0;2;(6, 6);[1.666, 4.286, 1.333, 3.6650000000000005, 1.952, 1.333, 3.9990000000000006];Minimax Algorithm
[(3, 3), (3, 1), (1, 6), (6, 6)];0;2;(5, 6);[2.9, 3, 2.5, 4.25, 2.9, 4.25, 4.3];Greedy Algorithm
[(3, 3), (3, 1), (1, 6), (6, 6), (6, 5)];0;1;(1, 5);[1.7329999999999999, 4.2, 1.4, 3.9999999999999996, 1.933, 2.4, 5.066000000000001];Minimax Algorithm
[(3, 3), (3, 1), (1, 6), (6, 6), (6, 5), (5, 1)];0;1;(1, 2);[3.734, 4, 4.001, 5.335, 3.734, 5.667, 4.4670000000000005];Greedy Algorithm
[(3, 3), (3, 1), (1, 6), (6, 6), (6, 5), (5, 1), (1, 2)];0;1;(2, 6);[1.75, 5.2, 2.5, 4.25, 1.95, 2.5, 4.75];Minimax Algorithm
[];0;0;(2, 2);[3, 2, 3.858, 3, 1.286, 1.286, 0.286];Greedy Algorithm
[(2, 2)];1;1;(0, 2);[2.333, 1, 2.9990000000000006, 1, 3.666, 1.333, 3.333];Minimax Algorithm
[(2, 2), (2, 0)];1;1;(2, 3);[4.167, 2.333, 4.857999999999999, 3.9990000000000006, 1.4529999999999998, 1.619, 0.619];Greedy Algorithm
[(3, 2), (2, 2), (2, 0)];1;1;(3, 3);[2.4, 1.4, 3.9990000000000006, 3.1999999999999997, 3.7329999999999997, 1.733, 3.733];Minimax Algorithm
[(3, 3), (3, 2), (2, 2), (2, 0)];1;1;(0, 3);[4.167, 2.2, 4.857999999999999, 4.6000000000000005, 1.4529999999999998, 1.486, 0.486];Greedy Algorithm
[(3, 3), (3, 2), (2, 2), (2, 0), (0, 3)];0;0;(3, 4);[4.6, 2.2, 5.171999999999999, 4.6000000000000005, 2.2, 1.486, 0.486];Greedy Algorithm
[(3, 3), (3, 2), (2, 2), (2, 0), (0, 3), (3, 4)];0;3;(4, 6);[3.4, 2.0, 4.333, 5.333, 4.733, 2.333, 5.668];Minimax Algorithm
[(3, 3), (3, 2), (2, 2), (2, 0), (0, 3), (3, 4), (4, 6)];0;2;(0, 6);[3.667, 2.0, 4.333, 4.9990000000000006, 5.0, 2.333, 5.3340000000000005];Minimax Algorithm
[(3, 3), (3, 2), (2, 2), (2, 0), (0, 3), (3, 4), (4, 6), (6, 0)];0;2;(0, 5);[5.6, 3.333, 5.885999999999999, 5.666, 3.2, 5.0, 3.6189999999999998];Greedy Algorithm
[(3, 3), (3, 2), (2, 2), (2, 0), (0, 3), (3, 4), (4, 6), (6, 0), (0, 5)];0;1;(4, 5);[4.5, 2.167, 4.5, 5.5, 5.0, 3.5, 5.501];Minimax Algorithm
[(3, 3), (3, 2), (2, 2), (2, 0), (0, 3), (3, 4), (4, 6), (6, 0), (0, 5), (5, 4)];0;1;(1, 4);[4.5, 5.5, 4.5, 6.5, 5.0, 5.0, 6.334];Minimax Algorithm
[(3, 3), (3, 2), (2, 2), (2, 0), (0, 3), (3, 4), (4, 6), (6, 0), (0, 5), (5, 4), (4, 1)];0;1;(1, 2);[5.6, 5.0, 7.0, 7.0, 5.6, 6.0, 5.0];Greedy Algorithm
[];0;0;(1, 1);[1.286, 3.572, 1.286, 2, 2, 2, 0];Minimax Algorithm
[(1, 1)];0;0;(1, 4);[1.333, 3.666, 2.333, 1.333, 2.9990000000000006, 3.333, 1.333];Greedy Algorithm
[(1, 1), (1, 4)];2;2;(1, 3);[1.619, 4.572, 1.619, 3.332, 3.9990000000000006, 2.333, 0.666];Minimax Algorithm
[(3, 1), (1, 1), (1, 4)];2;2;(3, 3);[1.733, 4.666, 2.733, 3.5999999999999996, 3.1999999999999997, 3.4, 1.7999999999999998];Greedy Algorithm
[(3, 3), (3, 1), (1, 1), (1, 4)];1;2;(3, 5);[1.619, 4.572, 1.619, 4.399, 4.2, 2.8, 1.133];Minimax Algorithm
[(5, 3), (3, 3), (3, 1), (1, 1), (1, 4)];1;2;(5, 5);[1.733, 4.666, 2.733, 4.7, 3.5, 4.75, 2.15];Greedy Algorithm
[(5, 5), (5, 3), (3, 3), (3, 1), (1, 1), (1, 4)];1;2;(1, 5);[1.583, 4.5, 1.583, 4.4990000000000006, 4.5, 3.9, 1.233];Minimax Algorithm
[(1, 5), (5, 5), (5, 3), (3, 3), (3, 1), (1, 1), (1, 4)];1;2;(1, 6);[2.733, 5.666, 3.733, 5.467, 4.0009999999999994, 6.667, 5.667];Greedy Algorithm
[(6, 1), (1, 5), (5, 5), (5, 3), (3, 3), (3, 1), (1, 1), (1, 4)];0;2;(4, 4);[2.583, 5.5, 2.583, 5.333, 5.0009999999999994, 4.667, 5.667];Minimax Algorithm
[(6, 1), (1, 5), (5, 5), (5, 3), (3, 3), (3, 1), (1, 1), (1, 4), (4, 4)];0;2;(2, 4);[4.2330000000000005, 6.333, 6.0, 6.567, 5.834, 7.167, 8.0];Greedy Algorithm
[(6, 1), (1, 5), (5, 5), (5, 3), (3, 3), (3, 1), (1, 1), (1, 4), (4, 4), (4, 2)];0;1;(2, 2);[4.083, 6.25, 6.0, 6.5, 6.834, 5.167, 8.0];Minimax Algorithm
[(6, 1), (1, 5), (5, 5), (5, 3), (3, 3), (3, 1), (1, 1), (1, 4), (4, 4), (4, 2), (2, 2)];0;1;(2, 5);[5.7330000000000005, 6.333, 9.0, 8.067, 7.667, 7.0, 14.0];Greedy Algorithm
[(6, 1), (1, 5), (5, 5), (5, 3), (3, 3), (3, 1), (1, 1), (1, 4), (4, 4), (4, 2), (2, 2), (2, 5)];0;0;(0, 5);[13.0, 9.0, 11.0, 10.667, 7.667, 9.0, 16.0];Greedy Algorithm
[];0;0;(2, 2);[1, 1, 2.572, 2.286, 2, 1.286, 3];Minimax Algorithm
[(2, 2)];3;3;(2, 6);[3, 2, 4.334, 0.167, 1.333, 1.167, 3.333];Greedy Algorithm
[(2, 2), (2, 6)];3;3;(6, 6);[1, 1, 3.6660000000000004, 2.333, 2.167, 1.333, 4.167];Minimax Algorithm
[(2, 2), (2, 6), (6, 6)];2;2;(0, 2);[3.8, 2, 4.334, 0.5670000000000001, 1.2, 1.5670000000000002, 4.2];Greedy Algorithm
[(0, 2), (2, 2), (2, 6), (6, 6)];2;2;(3, 6);[2.8, 1.4, 4.7330000000000005, 3.6, 2.5669999999999997, 1.733, 4.167];Minimax Algorithm
[(0, 2), (2, 2), (2, 6), (6, 6), (6, 3)];2;0;(0, 6);[4.15, 2.75, 4.917, 4.0, 2.0, 1.5670000000000002, 5.25];Greedy Algorithm
[(6, 0), (0, 2), (2, 2), (2, 6), (6, 6), (6, 3)];2;0;(3, 5);[4.15, 2.15, 5.15, 3.6, 3.4, 4.0, 5.25];Minimax Algorithm
[(6, 0), (0, 2), (2, 2), (2, 6), (6, 6), (6, 3), (3, 5)];1;1;(5, 6);[4.15, 2.75, 4.917, 5.0, 2.083, 2.567, 5.333];Greedy Algorithm
[(6, 0), (0, 2), (2, 2), (2, 6), (6, 6), (6, 3), (3, 5), (5, 6)];1;1;(1, 6);[4.15, 4.0, 5.15, 4.199999999999999, 4.15, 5.25, 6.0];Minimax Algorithm
[(6, 0), (0, 2), (2, 2), (2, 6), (6, 6), (6, 3), (3, 5), (5, 6), (6, 1)];0;2;(0, 1);[5.0, 3.75, 4.917, 5.25, 1.75, 3.167, 6.0];Greedy Algorithm
[(6, 0), (0, 2), (2, 2), (2, 6), (6, 6), (6, 3), (3, 5), (5, 6), (6, 1), (1, 0)];0;2;(0, 4);[5.15, 5.0, 5.15, 4.8, 6.0, 5.5, 7.0];Minimax Algorithm
[(6, 0), (0, 2), (2, 2), (2, 6), (6, 6), (6, 3), (3, 5), (5, 6), (6, 1), (1, 0), (0, 4)];0;1;(4, 4);[6.0, 5.75, 4.917, 6.5, 10.0, 5.167, 8.0];Greedy Algorithm
[(6, 0), (0, 2), (2, 2), (2, 6), (6, 6), (6, 3), (3, 5), (5, 6), (6, 1), (1, 0), (0, 4), (4, 4)];0;1;(2, 4);[5.15, 5.0, 6.0, 5.4, 6.0, 5.75, 6.0];Minimax Algorithm
[];0;1;(1, 1);[2.286, 2.858, 1.286, 1, 1, 2.286, 3];Greedy Algorithm
[(1, 1)];0;1;(1, 4);[1.666, 3.999, 1.666, 3.333, 3.332, 0.666, 3];Minimax Algorithm
[(1, 1), (1, 4)];1;1;(1, 6);[2.6189999999999998, 3.858, 1.952, 1.333, 3.332, 2.6189999999999998, 3.333];Greedy Algorithm
[(6, 1), (1, 1), (1, 4)];1;1;(6, 6);[1.733, 4.9990000000000006, 1.933, 3.4, 3.5999999999999996, 0.7330000000000001, 4.2];Minimax Algorithm
[(6, 6), (6, 1), (1, 1), (1, 4)];2;1;(5, 6);[2.686, 3.972, 2.419, 1.8, 3.5999999999999996, 3.5999999999999996, 4.333];Greedy Algorithm
[(5, 6), (6, 6), (6, 1), (1, 1), (1, 4)];2;1;(4, 6);[1.733, 5.416, 2.733, 4.15, 3.9499999999999997, 4.0, 5.25];Minimax Algorithm
[(5, 6), (6, 6), (6, 1), (1, 1), (1, 4), (4, 6)];1;1;(0, 5);[3.5, 4.186, 2.336, 2.3, 4.699999999999999, 3.5999999999999996, 5.25];Greedy Algorithm
[(0, 5), (5, 6), (6, 6), (6, 1), (1, 1), (1, 4), (4, 6)];1;1;(0, 6);[4.001, 5.75, 2.733, 4.817, 4.2170000000000005, 5.0, 5.25];Minimax Algorithm
[(0, 5), (5, 6), (6, 6), (6, 1), (1, 1), (1, 4), (4, 6), (6, 0)];1;1;(0, 2);[5.001, 5.067, 5.0, 2.467, 5.4670000000000005, 4.199999999999999, 7.0];Greedy Algorithm
[(0, 5), (5, 6), (6, 6), (6, 1), (1, 1), (1, 4), (4, 6), (6, 0), (0, 2)];1;1;(2, 3);[6.0, 6.083, 3.733, 6.0, 5.15, 5.25, 5.25];Minimax Algorithm
[(0, 5), (5, 6), (6, 6), (6, 1), (1, 1), (1, 4), (4, 6), (6, 0), (0, 2), (2, 3)];0;1;(3, 6);[6.0, 5.4, 5.0, 3.8, 5.800000000000001, 4.199999999999999, 6.0];Greedy Algorithm
[];0;0;(2, 2);[2.286, 2.286, 3.43, 3.286, 1.286, 2, 1.286];Minimax Algorithm
[(2, 2)];0;0;(2, 5);[2.286, 2.286, 3.43, 3.286, 1.572, 2.286, 1.286];Minimax Algorithm
[(2, 2), (2, 5)];0;4;(5, 5);[2.4, 3.4, 4.0, 1.4, 1.5999999999999999, 5.2, 2.4];Greedy Algorithm
[(2, 2), (2, 5), (5, 5)];0;4;(0, 5);[2.666, 2.333, 3.665, 3.333, 1.952, 3.286, 1.333];Minimax Algorithm
[(2, 2), (2, 5), (5, 5), (5, 0)];0;2;(0, 1);[3.5, 3.5, 4.5, 1.5, 1.7, 6.2, 2.5];Greedy Algorithm
[(2, 2), (2, 5), (5, 5), (5, 0), (0, 1)];0;2;(1, 6);[3.733, 3.4, 4.2, 4.0, 2.619, 3.286, 2.8000000000000003];Minimax Algorithm
[(2, 2), (2, 5), (5, 5), (5, 0), (0, 1), (1, 6)];0;2;(0, 6);[4.334, 4.667, 5.335, 1.667, 2.5340000000000003, 6.2, 3.667];Greedy Algorithm
[(2, 2), (2, 5), (5, 5), (5, 0), (0, 1), (1, 6), (6, 0)];0;2;(0, 3);[4.833, 3.5, 4.5, 4.0, 2.719, 3.286, 3.6];Minimax Algorithm
[(2, 2), (2, 5), (5, 5), (5, 0), (0, 1), (1, 6), (6, 0), (0, 3)];0;1;(3, 5);[5.667, 5.0, 7.0, 3.0, 2.667, 6.0, 4.0];Greedy Algorithm
[(2, 2), (2, 5), (5, 5), (5, 0), (0, 1), (1, 6), (6, 0), (0, 3), (3, 5)];0;2;(1, 5);[5.667, 4.5, 6.5, 3.0, 2.667, 6.0, 4.0];Greedy Algorithm
[(2, 2), (2, 5), (5, 5), (5, 0), (0, 1), (1, 6), (6, 0), (0, 3), (3, 5), (5, 1)];0;2;(1, 3);[5.333, 5.0, 6.5, 5.0, 3.2190000000000003, 5.286, 4.1];Minimax Algorithm
[(2, 2), (2, 5), (5, 5), (5, 0), (0, 1), (1, 6), (6, 0), (0, 3), (3, 5), (5, 1), (1, 3)];0;0;(3, 4);[6.5, 5.0, 7.5, 5.5, 7.0, 6.5, 5.0];Minimax Algorithm
[];0;1;(4, 4);[2, 0, 3, 1.286, 3.572, 1, 2.286];Greedy Algorithm
[(4, 4)];0;1;(4, 5);[1, 2, 0.167, 2.333, 3.6660000000000004, 5.167, 1.333];Minimax Algorithm
[(4, 4), (4, 5)];2;1;(2, 4);[2, 0.333, 3.9990000000000006, 1.286, 4.571999999999999, 2.333, 2.6189999999999998];Greedy Algorithm
[(2, 4), (4, 4), (4, 5)];2;1;(5, 5);[1, 2.6, 2.4, 2.333, 4.666, 5.2, 1.933];Minimax Algorithm
[(2, 4), (4, 4), (4, 5), (5, 5)];2;1;(0, 2);[3.1999999999999997, 0.7330000000000001, 4.066, 1.686, 4.571999999999999, 3.4, 3.019];Greedy Algorithm
[(0, 2), (2, 4), (4, 4), (4, 5), (5, 5)];2;1;(3, 5);[3.5, 3.6, 3.4000000000000004, 3.5, 4.833, 5.2, 2.4330000000000003];Minimax Algorithm
[(0, 2), (2, 4), (4, 4), (4, 5), (5, 5), (5, 3)];1;1;(0, 4);[3.3, 1.233, 4.066, 3.5, 4.75, 4.4, 2.983];Greedy Algorithm
[(4, 0), (0, 2), (2, 4), (4, 4), (4, 5), (5, 5), (5, 3)];1;1;(3, 6);[5.0, 4.6, 3.8000000000000003, 3.333, 6.333, 5.2, 5.0];Minimax Algorithm
[(4, 0), (0, 2), (2, 4), (4, 4), (4, 5), (5, 5), (5, 3), (3, 6)];0;2;(6, 6);[3.567, 1.9000000000000001, 4.4, 4.333, 5.0, 4.4, 5.668];Greedy Algorithm
[(4, 0), (0, 2), (2, 4), (4, 4), (4, 5), (5, 5), (5, 3), (3, 6), (6, 6)];0;2;(1, 4);[5.5, 6.0, 4.2, 3.833, 6.333, 5.2, 6.0];Minimax Algorithm
[(1, 4), (4, 0), (0, 2), (2, 4), (4, 4), (4, 5), (5, 5), (5, 3), (3, 6), (6, 6)];0;1;(5, 6);[4.667, 7.0, 5.667, 5.333, 6.0, 4.5, 6.5009999999999994];Greedy Algorithm
[(1, 4), (4, 0), (0, 2), (2, 4), (4, 4), (4, 5), (5, 5), (5, 3), (3, 6), (6, 6), (6, 5)];0;1;(1, 5);[6.5, 10.0, 5.2, 4.833, 6.333, 6.2, 8.0];Minimax Algorithm
[];0;0;(1, 1);[3, 3.286, 1, 3, 0, 2.286, 1];Minimax Algorithm
[(1, 1)];3;3;(1, 6);[0.333, 4.167, 1, 1, 2.333, 2.167, 3.6660000000000004];Greedy Algorithm
[(1, 1), (1, 6)];3;3;(3, 6);[3, 4.167, 1.333, 3.666, 0.333, 2.167, 2];Minimax Algorithm
[(1, 1), (1, 6), (6, 3)];2;1;(1, 4);[0.7330000000000001, 4.167, 1.8, 2.8, 3.9999999999999996, 2.567, 4.7330000000000005];Greedy Algorithm
[(4, 1), (1, 1), (1, 6), (6, 3)];2;1;(3, 5);[3.6, 5.4, 2.3329999999999997, 3.933, 3.8000000000000003, 3.1999999999999997, 2.6];Minimax Algorithm
[(4, 1), (1, 1), (1, 6), (6, 3), (3, 5)];1;2;(5, 5);[0.833, 4.5, 2.4, 3.9, 4.5, 4.5, 4.833];Greedy Algorithm
[(4, 1), (1, 1), (1, 6), (6, 3), (3, 5), (5, 5)];1;2;(0, 5);[4.5, 5.4, 2.983, 4.083, 4.5, 4.55, 3.25];Minimax Algorithm
[(4, 1), (1, 1), (1, 6), (6, 3), (3, 5), (5, 5), (5, 0)];1;0;(4, 4);[4.0, 4.5, 3.567, 4.067, 5.667999999999999, 5.667, 5.667];Greedy Algorithm
[(4, 4), (4, 1), (1, 1), (1, 6), (6, 3), (3, 5), (5, 5), (5, 0)];1;0;(0, 3);[4.667, 5.4, 3.2339999999999995, 4.334, 5.335, 4.467, 3.167];Minimax Algorithm
[(4, 4), (4, 1), (1, 1), (1, 6), (6, 3), (3, 5), (5, 5), (5, 0), (0, 3), (3, 1)];0;1;(1, 2);[6.0, 6.4, 7.0, 6.5, 7.5, 5.9, 3.5];Minimax Algorithm
[(4, 4), (4, 1), (1, 1), (1, 6), (6, 3), (3, 5), (5, 5), (5, 0), (0, 3), (3, 1), (1, 2)];0;1;(2, 6);[6.0, 5.5, 5.9, 6.4, 11.0, 7.0, 6.0];Greedy Algorithm
[(4, 4), (4, 1), (1, 1), (1, 6), (6, 3), (3, 5), (5, 5), (5, 0), (0, 3), (3, 1), (1, 2), (2, 6)];0;1;(5, 6);[6.0, 6.0, 6.4, 6.4, 11.0, 7.0, 7.0];Greedy Algorithm
[];0;1;(3, 3);[2, 2.286, 1, 2.572, 1.286, 0, 4];Minimax Algorithm
[(3, 3)];3;3;(3, 5);[1.167, 1.334, 2, 4.334, 1.334, 4.5009999999999994, 1];Greedy Algorithm
[(3, 3), (3, 5)];3;3;(3, 6);[2.5, 2.953, 1.167, 3.572, 1.786, 2.5, 4.334];Minimax Algorithm
[(6, 3), (3, 3), (3, 5)];1;3;(5, 6);[1.2, 1.367, 2, 5.334, 1.367, 4.6, 2];Greedy Algorithm
[(5, 6), (6, 3), (3, 3), (3, 5)];2;2;(2, 5);[1.5999999999999999, 1.367, 3.1999999999999997, 5.334, 1.767, 4.6, 2.4];Greedy Algorithm
[(5, 6), (6, 3), (3, 3), (3, 5), (5, 2)];2;2;(1, 2);[2.5, 3.5, 2.167, 3.786, 1.786, 4.5, 5.667];Minimax Algorithm
[(5, 6), (6, 3), (3, 3), (3, 5), (5, 2), (2, 1)];1;1;(5, 5);[1.65, 3.5, 4.2, 5.667, 1.817, 5.0, 2.9];Greedy Algorithm
[(5, 5), (5, 6), (6, 3), (3, 3), (3, 5), (5, 2), (2, 1)];1;1;(0, 1);[4.001, 3.333, 2.8339999999999996, 3.786, 2.286, 5.333, 5.667];Minimax Algorithm
[(5, 5), (5, 6), (6, 3), (3, 3), (3, 5), (5, 2), (2, 1), (1, 0)];0;1;(0, 3);[2.733, 4.166, 4.2, 5.666, 2.066, 4.9990000000000006, 2.9];Greedy Algorithm
[(5, 5), (5, 6), (6, 3), (3, 3), (3, 5), (5, 2), (2, 1), (1, 0), (0, 3)];0;1;(2, 3);[3.0, 4.166, 5.0009999999999994, 5.666, 2.333, 4.9990000000000006, 3.167];Greedy Algorithm
[];0;0;(1, 1);[2, 4.143, 2, 2, 1.143, 1, 1];Minimax Algorithm
[(1, 1)];2;2;(1, 6);[1.333, 3.333, 3, 2, 0.666, 0.333, 3.9990000000000006];Greedy Algorithm
[(1, 1), (1, 6)];2;2;(3, 6);[2.333, 5.167, 2, 2.9989999999999997, 1.5, 1.333, 2];Minimax Algorithm
[(1, 1), (1, 6), (6, 3)];1;2;(2, 3);[1.333, 3.4, 3.8, 3, 1.133, 0.7330000000000001, 4.9990000000000006];Greedy Algorithm
[(1, 1), (1, 6), (6, 3), (3, 2)];1;2;(1, 2);[2.333, 5.2, 3, 3.9990000000000006, 1.533, 1.333, 2];Minimax Algorithm
[(1, 1), (1, 6), (6, 3), (3, 2), (2, 1)];1;1;(0, 1);[3.25, 4.25, 4.8, 3.75, 0.9830000000000001, 1.4829999999999999, 5.416];Greedy Algorithm
[(1, 1), (1, 6), (6, 3), (3, 2), (2, 1), (1, 0)];1;1;(1, 5);[4.5, 6.2, 3.75, 4.583, 2.283, 4.5, 3.25];Minimax Algorithm
[(5, 1), (1, 1), (1, 6), (6, 3), (3, 2), (2, 1), (1, 0)];0;0;(0, 4);[4.75, 6.75, 4.5, 5.0, 4.75, 4.75, 4.0];Minimax Algorithm
[];0;0;(2, 2);[0, 3, 2.287, 1.429, 3.4290000000000003, 3, 0.429];Minimax Algorithm
[(2, 2)];3;3;(0, 2);[3.3320000000000007, 2.333, 4.5009999999999994, 1.167, 0.5, 2.333, 3.5];Greedy Algorithm
[(2, 2), (2, 0)];2;1;(1, 2);[3.3320000000000007, 2.333, 4.5009999999999994, 1.167, 0.5, 2.333, 3.5];Greedy Algorithm
[(1, 2), (2, 2), (2, 0)];2;1;(1, 5);[3.4000000000000004, 4.6, 4.587, 1.9289999999999998, 4.129, 4.0, 1.129];Minimax Algorithm
[(5, 1), (1, 2), (2, 2), (2, 0)];2;1;(5, 6);[3.5999999999999996, 3.4, 4.734, 1.5670000000000002, 0.9670000000000001, 3.4, 4.6];Greedy Algorithm
[(6, 5), (5, 1), (1, 2), (2, 2), (2, 0)];2;1;(6, 6);[3.5999999999999996, 3.4, 4.734, 1.5670000000000002, 0.9670000000000001, 3.4, 4.6];Greedy Algorithm
[(6, 6), (6, 5), (5, 1), (1, 2), (2, 2), (2, 0)];1;1;(1, 6);[3.5999999999999996, 3.4, 4.734, 1.5670000000000002, 0.9670000000000001, 3.4, 4.6];Greedy Algorithm
[(1, 6), (6, 6), (6, 5), (5, 1), (1, 2), (2, 2), (2, 0)];1;1;(1, 4);[7.0, 6.5, 5.258, 3.129, 7.5, 5.9, 6.429];Minimax Algorithm
[(4, 1), (1, 6), (6, 6), (6, 5), (5, 1), (1, 2), (2, 2), (2, 0)];0;1;(0, 3);[3.9499999999999997, 4.4, 5.9, 4.0, 4.0, 4.15, 5.3];Greedy Algorithm
[(4, 1), (1, 6), (6, 6), (6, 5), (5, 1), (1, 2), (2, 2), (2, 0), (0, 3)];0;1;(4, 4);[8.5, 6.5, 7.729, 10.0, 11.0, 7.5, 9.229];Minimax Algorithm
[(4, 4), (4, 1), (1, 6), (6, 6), (6, 5), (5, 1), (1, 2), (2, 2), (2, 0), (0, 3)];0;0;(4, 5);[8.0, 6.5, 7.729, 10.0, 11.0, 7.0, 9.229];Minimax Algorithm
[(5, 4), (4, 4), (4, 1), (1, 6), (6, 6), (6, 5), (5, 1), (1, 2), (2, 2), (2, 0), (0, 3)];1;0;(2, 5);[4.05, 4.4, 6.5, 7.0, 6.699999999999999, 5.9, 6.25];Greedy Algorithm
[];1;0;(1, 1);[3, 3.572, 0.286, 1, 0.286, 3, 2];Greedy Algorithm
[(1, 1)];1;0;(1, 6);[2, 3.6660000000000004, 3.333, 2.333, 1.666, 1, 2.6660000000000004];Minimax Algorithm
[(1, 1), (1, 6)];2;2;(0, 1);[3.333, 4.572, 0.286, 1.333, 0.952, 3, 3.6660000000000004];Greedy Algorithm
[(0, 1), (1, 1), (1, 6)];2;2;(2, 6);[3.4, 4.7330000000000005, 4.199999999999999, 2.733, 2.466, 1, 2.6660000000000004];Minimax Algorithm
[(0, 1), (1, 1), (1, 6), (6, 2)];2;0;(0, 5);[3.333, 4.886, 2.8, 2.333, 1.9519999999999997, 3.8, 4.666];Greedy Algorithm
[(5, 0), (0, 1), (1, 1), (1, 6), (6, 2)];2;0;(0, 2);[4.25, 4.7330000000000005, 4.199999999999999, 3.233, 2.8160000000000003, 3.0, 2.6660000000000004];Minimax Algorithm
[(5, 0), (0, 1), (1, 1), (1, 6), (6, 2), (2, 0)];2;1;(5, 6);[4.25, 4.886, 3.8000000000000003, 2.25, 1.786, 3.8, 4.5];Greedy Algorithm
[(6, 5), (5, 0), (0, 1), (1, 1), (1, 6), (6, 2), (2, 0)];2;1;(0, 3);[4.25, 4.7330000000000005, 4.4670000000000005, 4.667999999999999, 3.817, 4.167, 4.334];Minimax Algorithm
[(6, 5), (5, 0), (0, 1), (1, 1), (1, 6), (6, 2), (2, 0), (0, 3)];1;1;(0, 6);[5.333, 4.886, 3.8670000000000004, 4.667999999999999, 2.536, 4.067, 4.917];Greedy Algorithm
[(0, 6), (6, 5), (5, 0), (0, 1), (1, 1), (1, 6), (6, 2), (2, 0), (0, 3)];1;1;(1, 3);[5.5, 5.0, 4.567, 4.667999999999999, 4.234, 4.167, 5.334];Minimax Algorithm
[(0, 6), (6, 5), (5, 0), (0, 1), (1, 1), (1, 6), (6, 2), (2, 0), (0, 3), (3, 1)];0;1;(1, 5);[5.5, 5.886, 3.8670000000000004, 6.0009999999999994, 3.303, 5.0, 4.917];Greedy Algorithm
[(0, 6), (6, 5), (5, 0), (0, 1), (1, 1), (1, 6), (6, 2), (2, 0), (0, 3), (3, 1), (1, 5)];0;1;(2, 5);[6.0, 7.5, 9.0, 6.0009999999999994, 6.334, 5.167, 5.334];Minimax Algorithm
[];0;0;(1, 1);[1.286, 3.572, 3, 1, 2, 0, 0.286];Minimax Algorithm
[(1, 1)];2;2;(1, 3);[1.333, 3.6660000000000004, 1.167, 4.334, 2, 2.167, 2.333];Greedy Algorithm
[(1, 1), (1, 3)];2;2;(3, 3);[1.167, 4.334, 3.333, 2.6660000000000004, 2, 0.333, 0.167];Minimax Algorithm
[(1, 1), (1, 3), (3, 3)];1;3;(1, 5);[1.733, 3.6660000000000004, 1.6, 5.4, 2, 3.4, 2.733];Greedy Algorithm
[(5, 1), (1, 1), (1, 3), (3, 3)];1;3;(4, 5);[2.133, 3.6660000000000004, 2.0, 5.4, 3.1999999999999997, 3.4, 3.133];Greedy Algorithm
[(4, 5), (5, 1), (1, 1), (1, 3), (3, 3)];1;3;(4, 4);[1.7670000000000001, 5.334, 4.1, 3.0, 4.5, 2.8000000000000003, 0.767];Minimax Algorithm
[(4, 4), (4, 5), (5, 1), (1, 1), (1, 3), (3, 3)];1;3;(3, 4);[2.133, 3.6660000000000004, 2.05, 5.5, 4.2, 3.4499999999999997, 3.133];Greedy Algorithm
[(3, 4), (4, 4), (4, 5), (5, 1), (1, 1), (1, 3), (3, 3)];2;2;(3, 6);[2.633, 3.833, 2.05, 5.5, 4.3, 3.55, 4.0];Greedy Algorithm
[(3, 4), (4, 4), (4, 5), (5, 1), (1, 1), (1, 3), (3, 3), (3, 6)];1;1;(0, 3);[3.75, 4.25, 2.05, 5.5, 4.65, 3.9, 4.0];Greedy Algorithm
[(0, 3), (3, 4), (4, 4), (4, 5), (5, 1), (1, 1), (1, 3), (3, 3), (3, 6)];1;1;(0, 2);[5.7669999999999995, 8.167, 9.0, 7.7, 9.5, 7.8, 13.0];Minimax Algorithm
[];1;1;(1, 1);[2, 3.144, 1.286, 2.286, 1.286, 1.286, 3];Minimax Algorithm
[(1, 1)];1;1;(1, 6);[3.333, 3.332, 1.333, 2.333, 1.666, 3.333, 2.666];Greedy Algorithm
[(1, 1), (1, 6)];1;1;(6, 6);[2.167, 4.332000000000001, 1.333, 2.333, 1.5, 1.333, 4.334];Minimax Algorithm
[(1, 1), (1, 6), (6, 6)];0;1;(5, 6);[3.333, 3.5999999999999996, 1.7999999999999998, 2.4, 2.133, 4.199999999999999, 3.666];Greedy Algorithm
[(1, 1), (1, 6), (6, 6), (6, 5)];0;1;(3, 5);[2.167, 4.6, 1.8, 2.8, 1.567, 2.4, 5.334];Minimax Algorithm
[(1, 1), (1, 6), (6, 6), (6, 5), (5, 3)];0;2;(0, 3);[3.5, 4.0, 1.9, 3.5, 2.233, 5.3, 3.833];Greedy Algorithm
[(1, 1), (1, 6), (6, 6), (6, 5), (5, 3), (3, 0)];0;2;(0, 4);[3.167, 5.25, 2.65, 3.9, 4.0, 3.25, 5.917];Minimax Algorithm
[(1, 1), (1, 6), (6, 6), (6, 5), (5, 3), (3, 0), (0, 4)];0;1;(3, 4);[4.5, 4.668, 2.734, 4.334, 3.4, 5.4670000000000005, 3.833];Greedy Algorithm
[(1, 1), (1, 6), (6, 6), (6, 5), (5, 3), (3, 0), (0, 4), (4, 3)];0;1;(3, 6);[3.333, 5.667999999999999, 2.817, 5.067, 4.5, 3.417, 5.666];Minimax Algorithm
[(1, 1), (1, 6), (6, 6), (6, 5), (5, 3), (3, 0), (0, 4), (4, 3), (3, 6)];0;0;(2, 6);[3.333, 6.0009999999999994, 5.0, 5.667, 4.75, 4.417, 5.666];Minimax Algorithm
[(1, 1), (1, 6), (6, 6), (6, 5), (5, 3), (3, 0), (0, 4), (4, 3), (3, 6), (6, 2)];0;1;(0, 2);[5.0, 10.0, 5.067, 6.667, 4.7330000000000005, 6.800000000000001, 6.333];Greedy Algorithm
[(1, 1), (1, 6), (6, 6), (6, 5), (5, 3), (3, 0), (0, 4), (4, 3), (3, 6), (6, 2), (2, 0)];0;1;(0, 1);[4.333, 7.0, 6.0, 6.0, 5.083, 4.75, 5.666];Minimax Algorithm
[];0;0;(4, 4);[2.286, 1, 0.286, 3, 2.858, 3, 1.286];Greedy Algorithm
[(4, 4)];0;0;(4, 5);[1.333, 3, 2.833, 1.5, 3.999, 2.5, 3.833];Minimax Algorithm
[(4, 4), (4, 5)];1;3;(3, 4);[2.286, 1, 0.786, 3.5, 3.858, 4.5009999999999994, 1.453];Greedy Algorithm
[(3, 4), (4, 4), (4, 5)];1;3;(1, 3);[1.733, 3.8, 2.933, 2.6, 4.9990000000000006, 2.8000000000000003, 4.333];Minimax Algorithm
[(1, 3), (3, 4), (4, 4), (4, 5)];1;3;(1, 5);[2.286, 2, 0.819, 4.533, 3.858, 4.6000000000000005, 1.486];Greedy Algorithm
[(5, 1), (1, 3), (3, 4), (4, 4), (4, 5)];2;2;(0, 5);[3.2, 2.4, 1.219, 4.533, 3.972, 4.6000000000000005, 1.486];Greedy Algorithm
[(5, 1), (1, 3), (3, 4), (4, 4), (4, 5), (5, 0)];2;2;(0, 6);[2.733, 5.067, 3.0, 2.667, 5.333, 5.0009999999999994, 5.0009999999999994];Minimax Algorithm
[(5, 1), (1, 3), (3, 4), (4, 4), (4, 5), (5, 0), (0, 6)];1;1;(5, 5);[4.2, 2.9, 1.2690000000000001, 4.583, 4.186, 5.0, 3.5];Greedy Algorithm
[(5, 5), (5, 1), (1, 3), (3, 4), (4, 4), (4, 5), (5, 0), (0, 6)];1;1;(6, 6);[2.733, 5.4, 2.833, 2.5, 5.666, 6.0, 6.0];Minimax Algorithm
[(5, 5), (5, 1), (1, 3), (3, 4), (4, 4), (4, 5), (5, 0), (0, 6), (6, 6)];0;1;(3, 6);[4.2, 2.9, 1.352, 4.666, 4.186, 4.9990000000000006, 4.333];Greedy Algorithm
[(5, 5), (5, 1), (1, 3), (3, 4), (4, 4), (4, 5), (5, 0), (0, 6), (6, 6), (6, 3)];0;1;(0, 3);[5.001, 3.167, 1.619, 4.666, 4.453, 4.9990000000000006, 4.333];Greedy Algorithm
[];0;1;(1, 1);[3, 2.858, 2.286, 0, 2.286, 1.286, 3];Greedy Algorithm
[(1, 1)];0;1;(1, 3);[1, 3.9990000000000006, 3.333, 3.9990000000000006, 1.666, 1.666, 1.333];Minimax Algorithm
[(1, 1), (1, 3)];1;0;(0, 1);[3.6660000000000004, 3.858, 2.6189999999999998, 2.5, 2.786, 2.1189999999999998, 3.5];Greedy Algorithm
[(0, 1), (1, 1), (1, 3)];1;0;(2, 3);[2.8, 5.066, 3.8, 3.9990000000000006, 1.666, 2.0660000000000003, 1.333];Minimax Algorithm
[(0, 1), (1, 1), (1, 3), (3, 2)];2;2;(0, 6);[3.733, 3.972, 3.8, 3.4, 3.186, 2.1189999999999998, 3.8];Greedy Algorithm
[(6, 0), (0, 1), (1, 1), (1, 3), (3, 2)];2;2;(2, 2);[3.9, 5.166, 4.0, 4.166, 2.166, 2.0660000000000003, 3.0];Minimax Algorithm
[(6, 0), (0, 1), (1, 1), (1, 3), (3, 2), (2, 2)];2;2;(2, 6);[3.733, 3.972, 4.8, 3.5, 3.286, 2.1189999999999998, 4.0];Greedy Algorithm
[(6, 0), (0, 1), (1, 1), (1, 3), (3, 2), (2, 2), (2, 6)];2;2;(1, 6);[3.9, 4.9990000000000006, 4.833, 4.333, 2.333, 2.0660000000000003, 4.334];Minimax Algorithm
[(6, 0), (0, 1), (1, 1), (1, 3), (3, 2), (2, 2), (2, 6), (6, 1)];1;0;(5, 6);[4.4, 4.9990000000000006, 4.7330000000000005, 4.0, 4.333, 4.333, 5.0];Greedy Algorithm
[(5, 6), (6, 0), (0, 1), (1, 1), (1, 3), (3, 2), (2, 2), (2, 6), (6, 1)];1;0;(2, 5);[3.9, 5.5, 5.0, 4.333, 2.5, 3.233, 5.334];Minimax Algorithm
[(2, 5), (5, 6), (6, 0), (0, 1), (1, 1), (1, 3), (3, 2), (2, 2), (2, 6), (6, 1)];1;0;(2, 4);[4.4, 5.5, 5.9, 4.5, 5.5, 5.5, 5.5];Greedy Algorithm
[(4, 2), (2, 5), (5, 6), (6, 0), (0, 1), (1, 1), (1, 3), (3, 2), (2, 2), (2, 6), (6, 1)];1;0;(4, 4);[3.9, 7.0, 6.5, 6.0, 9.0, 5.7330000000000005, 6.667];Minimax Algorithm
[];1;0;(2, 2);[1, 1.286, 2.858, 2, 1.286, 4, 0.286];Greedy Algorithm
[(2, 2)];1;0;(2, 3);[2.333, 3.333, 3.9990000000000006, 3.6660000000000004, 0.666, 1, 3.333];Minimax Algorithm
[(2, 2), (2, 3)];1;2;(2, 5);[1.5, 1.286, 3.858, 3.6660000000000004, 1.619, 4.334, 0.45299999999999996];Greedy Algorithm
[(5, 2), (2, 2), (2, 3)];1;2;(3, 6);[2.733, 3.333, 5.066000000000001, 3.6660000000000004, 1.066, 2.8, 4.2];Minimax Algorithm
[(5, 2), (2, 2), (2, 3), (3, 6)];3;0;(5, 5);[1.533, 1.286, 4.172, 4.666, 2.219, 4.8, 2.8000000000000003];Greedy Algorithm
[(5, 5), (5, 2), (2, 2), (2, 3), (3, 6)];3;0;(1, 6);[2.833, 4.0, 5.2330000000000005, 3.6660000000000004, 1.5659999999999998, 4.0, 4.3];Minimax Algorithm
[(5, 5), (5, 2), (2, 2), (2, 3), (3, 6), (6, 1)];2;1;(3, 5);[1.45, 3.0, 4.386, 4.5, 2.636, 4.8, 3.8000000000000003];Greedy Algorithm
[(3, 5), (5, 5), (5, 2), (2, 2), (2, 3), (3, 6), (6, 1)];2;1;(1, 5);[2.666, 4.0, 5.2330000000000005, 4.666, 1.5659999999999998, 4.666, 4.133];Minimax Algorithm
[(3, 5), (5, 5), (5, 2), (2, 2), (2, 3), (3, 6), (6, 1), (1, 5)];1;1;(3, 3);[1.666, 4.0, 4.386, 4.666, 2.719, 5.666, 3.5330000000000004];Greedy Algorithm
[(3, 3), (3, 5), (5, 5), (5, 2), (2, 2), (2, 3), (3, 6), (6, 1), (1, 5)];1;1;(1, 3);[2.833, 5.0, 5.7330000000000005, 5.666, 2.066, 5.0, 4.3];Minimax Algorithm
[(1, 3), (3, 3), (3, 5), (5, 5), (5, 2), (2, 2), (2, 3), (3, 6), (6, 1), (1, 5)];1;1;(0, 1);[4.5, 5.0, 4.386, 6.833, 4.219, 6.0, 3.7];Greedy Algorithm
[(0, 1), (1, 3), (3, 3), (3, 5), (5, 5), (5, 2), (2, 2), (2, 3), (3, 6), (6, 1), (1, 5)];1;1;(0, 6);[4.333, 6.0, 7.333, 5.666, 3.666, 6.0, 8.0];Minimax Algorithm
[(6, 0), (0, 1), (1, 3), (3, 3), (3, 5), (5, 5), (5, 2), (2, 2), (2, 3), (3, 6), (6, 1), (1, 5)];0;1;(4, 5);[7.0, 7.5, 8.5, 9.5, 16.0, 7.5, 10.0];Greedy Algorithm
[];0;1;(1, 1);[1, 3.144, 2.286, 1.286, 3.286, 1.286, 2];Minimax Algorithm
[(1, 1)];1;1;(1, 6);[4, 3.332, 2.333, 1.666, 2.333, 2.6660000000000004, 2.6660000000000004];Greedy Algorithm
[(1, 1), (1, 6)];1;1;(4, 6);[1, 4.332000000000001, 2.333, 1.333, 3.333, 1.333, 3];Minimax Algorithm
[(1, 1), (1, 6), (6, 4)];0;2;(0, 4);[4.2, 3.5999999999999996, 2.6, 1.7329999999999999, 3.4, 2.733, 3.6660000000000004];Greedy Algorithm
[(1, 1), (1, 6), (6, 4), (4, 0)];0;2;(0, 1);[2, 4.6, 2.4, 1.4, 4.4, 1.4, 3];Minimax Algorithm
[];0;0;(2, 2);[2.286, 1.286, 3.43, 2.286, 3, 1.286, 1.286];Greedy Algorithm
[(2, 2)];1;1;(2, 4);[2.286, 1.286, 3.43, 2.286, 3.286, 1.286, 1.572];Greedy Algorithm
[(2, 2), (2, 4)];1;1;(3, 4);[1.8, 4.4, 4.0, 3.1999999999999997, 3, 3.8, 1.4];Minimax Algorithm
[(2, 2), (2, 4), (4, 3)];0;2;(3, 3);[2.666, 1.333, 3.665, 3.999, 4.286, 1.666, 1.619];Greedy Algorithm
[(2, 2), (2, 4), (4, 3), (3, 3)];0;2;(1, 3);[1.9, 4.25, 4.25, 4.3, 3, 3.9, 1.5];Minimax Algorithm
[(2, 2), (2, 4), (4, 3), (3, 3), (3, 1)];0;1;(0, 1);[3.1999999999999997, 2.4, 4.0, 5.133, 4.286, 1.733, 2.086];Greedy Algorithm
[(2, 2), (2, 4), (4, 3), (3, 3), (3, 1), (1, 0)];0;1;(0, 5);[3.067, 5.667, 5.335, 4.734, 3, 5.0009999999999994, 2.334];Minimax Algorithm
[(2, 2), (2, 4), (4, 3), (3, 3), (3, 1), (1, 0), (0, 5)];0;1;(4, 5);[4.3, 2.5, 4.5, 5.233, 4.25, 2.833, 2.15];Greedy Algorithm
[(2, 2), (2, 4), (4, 3), (3, 3), (3, 1), (1, 0), (0, 5), (5, 4)];0;1;(1, 4);[3.4, 5.5, 6.5, 5.067, 4, 6.334, 2.667];Minimax Algorithm
[(2, 2), (2, 4), (4, 3), (3, 3), (3, 1), (1, 0), (0, 5), (5, 4), (4, 1)];0;0;(1, 6);[4.9, 6.0, 7.5, 5.067, 5.5, 7.167, 7.0];Minimax Algorithm
[(2, 2), (2, 4), (4, 3), (3, 3), (3, 1), (1, 0), (0, 5), (5, 4), (4, 1), (1, 6)];0;1;(3, 6);[4.9, 5.0, 6.5, 5.5, 5.25, 3.5, 3.65];Greedy Algorithm
[];0;0;(2, 2);[1, 2.286, 3.572, 3, 0.286, 3, 1];Greedy Algorithm
[(2, 2)];0;0;(2, 6);[3.333, 1.333, 3.6660000000000004, 1.333, 2.6660000000000004, 2, 2.9989999999999997];Minimax Algorithm
[(2, 2), (2, 6)];2;1;(2, 3);[1.333, 2.286, 4.572, 3.6660000000000004, 0.952, 3, 2.9990000000000006];Greedy Algorithm
[(3, 2), (2, 2), (2, 6)];2;1;(5, 6);[3.333, 1.333, 4.666, 2.8, 3.466, 2.4, 3.0660000000000003];Minimax Algorithm
[(3, 2), (2, 2), (2, 6), (6, 5)];2;3;(3, 5);[1.333, 2.286, 4.572, 3.6660000000000004, 1.152, 4.2, 3.9990000000000006];Greedy Algorithm
[(5, 3), (3, 2), (2, 2), (2, 6), (6, 5)];2;3;(0, 5);[4.0, 1.833, 4.666, 3.8, 3.5660000000000003, 3.5, 3.233];Minimax Algorithm
[(5, 3), (3, 2), (2, 2), (2, 6), (6, 5), (5, 0)];2;1;(1, 5);[3.0, 3.5, 4.786, 3.6660000000000004, 1.652, 5.2, 4.166];Greedy Algorithm
[(1, 5), (5, 3), (3, 2), (2, 2), (2, 6), (6, 5), (5, 0)];2;1;(0, 4);[4.167, 4.001, 5.334, 4.067, 5.335, 4.667, 3.567];Minimax Algorithm
[(1, 5), (5, 3), (3, 2), (2, 2), (2, 6), (6, 5), (5, 0), (0, 4)];1;0;(1, 6);[4.167, 4.0, 5.5, 4.667, 6.0, 6.0, 5.334];Greedy Algorithm
[(6, 1), (1, 5), (5, 3), (3, 2), (2, 2), (2, 6), (6, 5), (5, 0), (0, 4)];1;0;(4, 4);[4.667, 5.334, 5.667, 5.0, 7.0, 5.0, 6.0];Minimax Algorithm
[];0;0;(1, 1);[0, 2.858, 2, 2.286, 1.286, 1.286, 3];Minimax Algorithm
[(1, 1)];2;2;(1, 2);[1.333, 3.9990000000000006, 2.999, 1.333, 1.666, 3.333, 2.333];Greedy Algorithm
[(1, 1), (1, 2)];2;2;(2, 2);[0.333, 3.9990000000000006, 3.9990000000000006, 2.333, 1.666, 1.333, 3.333];Minimax Algorithm
[(1, 1), (1, 2), (2, 2)];1;1;(0, 1);[3.8000000000000003, 3.9990000000000006, 4.2, 1.933, 2.333, 3.933, 3.0];Greedy Algorithm
[(0, 1), (1, 1), (1, 2), (2, 2)];1;1;(2, 3);[3.8000000000000003, 5.066, 4.266, 3.2, 2.666, 1.933, 3.933];Minimax Algorithm
[(0, 1), (1, 1), (1, 2), (2, 2), (2, 3)];0;1;(3, 5);[4.5, 4.166, 5.550000000000001, 3.083, 2.983, 4.5, 3.15];Greedy Algorithm
[(0, 1), (1, 1), (1, 2), (2, 2), (2, 3), (3, 5)];0;1;(5, 5);[4.5, 5.2330000000000005, 4.416, 4.55, 3.316, 3.5, 4.083];Minimax Algorithm
[(0, 1), (1, 1), (1, 2), (2, 2), (2, 3), (3, 5), (5, 5)];0;2;(5, 6);[5.667, 4.166, 6.067, 3.333, 3.233, 6.0, 3.334];Greedy Algorithm
[(0, 1), (1, 1), (1, 2), (2, 2), (2, 3), (3, 5), (5, 5), (5, 6)];0;2;(4, 6);[6.0, 5.9, 5.333, 5.4, 6.0, 5.5, 5.333];Minimax Algorithm
[(0, 1), (1, 1), (1, 2), (2, 2), (2, 3), (3, 5), (5, 5), (5, 6), (6, 4)];0;1;(4, 4);[8.0, 4.833, 7.167, 4.833, 7.0, 7.0, 5.167];Greedy Algorithm
[];0;0;(1, 1);[1.286, 4.144, 2.286, 1.286, 3, 2, 1.286];Greedy Algorithm
[(1, 1)];2;2;(1, 4);[1.286, 4.144, 2.286, 1.286, 3.286, 2, 1.572];Greedy Algorithm
[(1, 1), (1, 4)];2;2;(4, 4);[2.4, 3.5999999999999996, 2.4, 1.4, 4.2, 2, 2.6];Minimax Algorithm
[(1, 1), (1, 4), (4, 4)];1;2;(1, 5);[1.286, 4.144, 2.6189999999999998, 1.619, 4.167, 2.666, 1.453];Greedy Algorithm
[(5, 1), (1, 1), (1, 4), (4, 4)];1;2;(5, 6);[2.9, 4.699999999999999, 2.4, 1.9, 4.25, 3, 3.75];Minimax Algorithm
[(6, 5), (5, 1), (1, 1), (1, 4), (4, 4)];1;2;(2, 6);[1.286, 4.258, 2.8, 1.619, 4.2, 3.7329999999999997, 2.4859999999999998];Greedy Algorithm
[(2, 6), (6, 5), (5, 1), (1, 1), (1, 4), (4, 4)];1;2;(0, 2);[4.001, 4.9670000000000005, 3.4, 2.567, 4.333, 3, 5.0];Minimax Algorithm
[(0, 2), (2, 6), (6, 5), (5, 1), (1, 1), (1, 4), (4, 4)];1;2;(0, 4);[3.5, 4.4719999999999995, 3.8, 2.119, 4.2, 3.7329999999999997, 2.9859999999999998];Greedy Algorithm
[(0, 2), (2, 6), (6, 5), (5, 1), (1, 1), (1, 4), (4, 4), (4, 0)];1;2;(0, 5);[6.0, 5.3, 4.4, 3.9, 5.333, 5.0, 5.333];Minimax Algorithm
[(0, 2), (2, 6), (6, 5), (5, 1), (1, 1), (1, 4), (4, 4), (4, 0), (0, 5)];0;1;(4, 5);[5.0009999999999994, 4.638999999999999, 3.8, 2.286, 4.333, 4.7330000000000005, 3.286];Greedy Algorithm
[(0, 2), (2, 6), (6, 5), (5, 1), (1, 1), (1, 4), (4, 4), (4, 0), (0, 5), (5, 4)];0;1;(3, 4);[10.0, 8.9, 4.4, 13.0, 6.333, 8.0, 8.833];Minimax Algorithm
[(0, 2), (2, 6), (6, 5), (5, 1), (1, 1), (1, 4), (4, 4), (4, 0), (0, 5), (5, 4), (4, 3)];0;1;(2, 3);[6.0, 5.571999999999999, 5.0, 3.619, 5.333, 5.333, 3.619];Greedy Algorithm
[];0;1;(1, 1);[3, 2.7159999999999997, 2.4290000000000003, 1.429, 2.4290000000000003, 2.4290000000000003, 0];Greedy Algorithm
[(1, 1)];0;1;(1, 6);[2.333, 4.332000000000001, 1.666, 2.6660000000000004, 2.333, 2.6660000000000004, 3.332];Minimax Algorithm
[(1, 1), (1, 6)];0;0;(4, 6);[2.333, 4.332000000000001, 1.9989999999999999, 2.9990000000000006, 2.999, 2.6660000000000004, 3.332];Minimax Algorithm
[(1, 1), (1, 6), (6, 4)];0;2;(0, 4);[3.4, 3.5999999999999996, 2.4, 1.4, 3.4, 2.4, 2.4];Greedy Algorithm
[(1, 1), (1, 6), (6, 4), (4, 0)];0;2;(0, 3);[3.333, 4.6, 2.066, 3.5999999999999996, 4.133, 3.133, 3.399];Minimax Algorithm
[(1, 1), (1, 6), (6, 4), (4, 0), (0, 3)];0;1;(3, 3);[4.4, 4.0, 2.5, 4.0, 4.0, 3.0, 2.9];Greedy Algorithm
[(1, 1), (1, 6), (6, 4), (4, 0), (0, 3), (3, 3)];0;1;(2, 3);[3.333, 5.25, 3.25, 4.7, 4.65, 3.233, 3.8160000000000003];Minimax Algorithm
[(1, 1), (1, 6), (6, 4), (4, 0), (0, 3), (3, 3), (3, 2)];0;2;(0, 2);[4.333, 4.668, 3.667, 5.167, 4.167, 3.167, 2.833];Greedy Algorithm
[(1, 1), (1, 6), (6, 4), (4, 0), (0, 3), (3, 3), (3, 2), (2, 0)];0;2;(0, 1);[4.333, 5.667999999999999, 4.167, 4.867000000000001, 4.817, 3.4000000000000004, 3.8160000000000003];Minimax Algorithm
[];0;0;(1, 1);[3, 3.144, 1.286, 0.286, 0.286, 2.286, 3];Minimax Algorithm
[(1, 1)];1;1;(1, 6);[2, 3.332, 2.833, 5.833, 1.833, 1.333, 2.5];Greedy Algorithm
[(1, 1), (1, 6)];1;1;(6, 6);[3, 4.332000000000001, 1.5, 0.5, 0.5, 2.333, 4.5009999999999994];Minimax Algorithm
[(1, 1), (1, 6), (6, 6)];0;0;(5, 6);[3, 4.332000000000001, 1.833, 0.5, 0.8330000000000001, 2.9989999999999997, 4.5009999999999994];Minimax Algorithm
[(1, 1), (1, 6), (6, 6), (6, 5)];0;1;(3, 5);[2, 3.75, 3.0, 5.5, 2.0, 2.5, 4.25];Greedy Algorithm
[(1, 1), (1, 6), (6, 6), (6, 5), (5, 3)];0;1;(0, 1);[3.4, 4.599, 1.833, 2.2, 1.233, 3.999, 4.933999999999999];Minimax Algorithm
[(0, 1), (1, 1), (1, 6), (6, 6), (6, 5), (5, 3)];2;4;(0, 3);[3, 4.833, 3.0, 5.666, 2.0, 2.5, 4.333];Greedy Algorithm
[(3, 0), (0, 1), (1, 1), (1, 6), (6, 6), (6, 5), (5, 3)];3;3;(3, 3);[3, 4.833, 3.0, 5.666, 2.0, 2.5, 4.333];Greedy Algorithm
[(3, 0), (0, 1), (1, 1), (1, 6), (6, 6), (6, 5), (5, 3), (3, 3)];2;2;(2, 3);[3, 5.0, 4.667999999999999, 5.666, 2.667, 3.167, 4.5];Greedy Algorithm
[(3, 0), (0, 1), (1, 1), (1, 6), (6, 6), (6, 5), (5, 3), (3, 3), (3, 2)];2;2;(2, 2);[4.4, 5.166, 6.0, 5.0, 2.233, 4.666, 5.667];Minimax Algorithm
[(3, 0), (0, 1), (1, 1), (1, 6), (6, 6), (6, 5), (5, 3), (3, 3), (3, 2), (2, 2)];1;1;(3, 4);[4.5, 6.333, 7.0, 5.666, 8.0, 5.0, 5.833];Greedy Algorithm
[(4, 3), (3, 0), (0, 1), (1, 1), (1, 6), (6, 6), (6, 5), (5, 3), (3, 3), (3, 2), (2, 2)];0;1;(0, 2);[4.0, 6.333, 7.5, 5.666, 8.0, 5.0, 5.833];Greedy Algorithm
[];0;1;(4, 4);[1.286, 2.286, 1, 2, 2.858, 1.286, 3];Minimax Algorithm
[(4, 4)];2;2;(4, 6);[2.333, 2.333, 3.333, 1, 3.999, 2.6660000000000004, 2.6660000000000004];Greedy Algorithm
[(4, 4), (4, 6)];2;2;(6, 6);[1.333, 2.333, 1.167, 2, 3.999, 1.5, 4.334];Minimax Algorithm
[(4, 4), (4, 6), (6, 6)];1;1;(0, 6);[3.1999999999999997, 2.8, 3.333, 1.4, 4.199999999999999, 2.733, 3.6660000000000004];Greedy Algorithm
[(4, 4), (4, 6), (6, 6), (6, 0)];1;1;(2, 4);[3.2, 2.7329999999999997, 2.2, 3.0, 4.066000000000001, 1.5, 5.7669999999999995];Minimax Algorithm
[(2, 4), (4, 4), (4, 6), (6, 6), (6, 0)];3;1;(0, 2);[3.1999999999999997, 2.8, 4.5, 1.65, 5.2, 2.733, 3.583];Greedy Algorithm
[(2, 4), (4, 4), (4, 6), (6, 6), (6, 0), (0, 2)];2;2;(2, 5);[3.1999999999999997, 2.8, 4.5, 2.15, 5.3, 3.5, 3.75];Greedy Algorithm
[(2, 4), (4, 4), (4, 6), (6, 6), (6, 0), (0, 2), (2, 5)];2;2;(0, 5);[5.001, 3.0, 4.334, 3.334, 4.333, 2.5, 5.834];Minimax Algorithm
[(2, 4), (4, 4), (4, 6), (6, 6), (6, 0), (0, 2), (2, 5), (5, 0)];1;0;(1, 2);[5.001, 3.334, 4.5, 2.417, 5.834, 4.5, 3.75];Greedy Algorithm
[(1, 2), (2, 4), (4, 4), (4, 6), (6, 6), (6, 0), (0, 2), (2, 5), (5, 0)];1;0;(1, 6);[6.0, 4.333, 5.167, 3.667, 4.666, 2.833, 6.0];Minimax Algorithm
[(6, 1), (1, 2), (2, 4), (4, 4), (4, 6), (6, 6), (6, 0), (0, 2), (2, 5), (5, 0)];0;0;(3, 6);[6.0, 4.333, 5.5, 5.0, 4.666, 3.833, 6.0];Minimax Algorithm
[(3, 6), (6, 1), (1, 2), (2, 4), (4, 4), (4, 6), (6, 6), (6, 0), (0, 2), (2, 5), (5, 0)];1;0;(3, 4);[9.0, 6.0, 4.6, 4.75, 8.0, 5.1, 5.949999999999999];Greedy Algorithm
[];0;0;(1, 1);[2.286, 4.144, 2.286, 2, 1.286, 0.286, 3];Minimax Algorithm
[(1, 1)];0;0;(1, 6);[2.572, 4.144, 2.286, 2.286, 1.286, 0.572, 3.858];Minimax Algorithm
[(1, 1), (1, 6)];0;0;(4, 6);[3.001, 4.287, 2.715, 2.715, 2.716, 0.572, 3.858];Minimax Algorithm
[(1, 1), (1, 6), (6, 4)];0;2;(4, 4);[2.0, 4.0, 3.0, 1.5, 5.0, 4.5, 2];Greedy Algorithm
[(1, 1), (1, 6), (6, 4), (4, 4)];0;2;(1, 3);[2.9050000000000002, 4.191000000000001, 2.952, 3.3320000000000007, 3.332, 0.905, 3.9050000000000002];Minimax Algorithm
[(3, 1), (1, 1), (1, 6), (6, 4), (4, 4)];1;1;(3, 3);[2.167, 5.167, 3.8339999999999996, 4.667999999999999, 5.668, 5.167, 2.667];Greedy Algorithm
[(3, 3), (3, 1), (1, 1), (1, 6), (6, 4), (4, 4)];1;1;(0, 3);[3.1999999999999997, 4.372, 3.019, 4.399, 3.6, 0.905, 4.019];Minimax Algorithm
[(0, 3), (3, 3), (3, 1), (1, 1), (1, 6), (6, 4), (4, 4)];1;1;(0, 5);[3.5, 5.5, 4.167, 5.834, 7.0, 5.5, 3.167];Greedy Algorithm
[(5, 0), (0, 3), (3, 3), (3, 1), (1, 1), (1, 6), (6, 4), (4, 4)];3;1;(4, 5);[3.5, 5.5, 4.167, 5.834, 7.0, 5.5, 3.167];Greedy Algorithm
[(5, 0), (0, 3), (3, 3), (3, 1), (1, 1), (1, 6), (6, 4), (4, 4), (4, 5)];2;2;(2, 5);[3.5, 6.0, 5.0, 6.167, 7.0, 5.5, 3.167];Greedy Algorithm
[(5, 0), (0, 3), (3, 3), (3, 1), (1, 1), (1, 6), (6, 4), (4, 4), (4, 5), (5, 2)];2;2;(2, 6);[4.8, 5.086, 4.019, 5.7330000000000005, 4.6, 6.0, 6.0];Minimax Algorithm
[(5, 0), (0, 3), (3, 3), (3, 1), (1, 1), (1, 6), (6, 4), (4, 4), (4, 5), (5, 2), (2, 6)];1;0;(5, 5);[5.5, 6.5, 6.0, 8.0, 7.0, 8.0, 9.0];Greedy Algorithm
[];0;0;(2, 2);[2.286, 0.286, 3.144, 2.286, 3, 2, 1.286];Greedy Algorithm
[(2, 2)];0;0;(2, 5);[1.666, 2.333, 3.332, 2.333, 2, 3.6660000000000004, 2.666];Minimax Algorithm
[(2, 2), (2, 5)];1;2;(2, 4);[2.619, 0.286, 4.144, 2.286, 3.333, 3.6660000000000004, 1.952];Greedy Algorithm
[(4, 2), (2, 2), (2, 5)];1;2;(3, 5);[1.666, 2.733, 4.399, 2.8, 3.4, 3.6660000000000004, 3.0660000000000003];Minimax Algorithm
[(4, 2), (2, 2), (2, 5), (5, 3)];2;2;(4, 5);[2.486, 0.6859999999999999, 4.258, 3.8, 3.333, 4.4, 1.819];Greedy Algorithm
[(5, 4), (4, 2), (2, 2), (2, 5), (5, 3)];2;2;(3, 4);[1.583, 2.733, 4.399, 2.8, 4.25, 4.5, 2.833];Minimax Algorithm
[(5, 4), (4, 2), (2, 2), (2, 5), (5, 3), (3, 4)];1;1;(0, 4);[3.5, 1.186, 4.4719999999999995, 4.8, 4.333, 4.75, 1.869];Greedy Algorithm
[(5, 4), (4, 2), (2, 2), (2, 5), (5, 3), (3, 4), (4, 0)];1;1;(0, 6);[2.666, 3.4000000000000004, 4.733, 2.8, 5.667, 5.0, 4.668];Minimax Algorithm
[(5, 4), (4, 2), (2, 2), (2, 5), (5, 3), (3, 4), (4, 0), (0, 6)];1;1;(5, 5);[4.333, 1.853, 4.853, 4.8, 4.667, 5.0, 4.668];Greedy Algorithm
[(5, 5), (5, 4), (4, 2), (2, 2), (2, 5), (5, 3), (3, 4), (4, 0), (0, 6)];1;1;(6, 6);[2.833, 3.733, 5.066, 2.8, 6.0, 6.5, 6.0];Minimax Algorithm
[(5, 5), (5, 4), (4, 2), (2, 2), (2, 5), (5, 3), (3, 4), (4, 0), (0, 6), (6, 6)];0;1;(3, 6);[4.5, 1.953, 4.952999999999999, 5.0, 4.667, 5.0, 5.501];Greedy Algorithm
[(5, 5), (5, 4), (4, 2), (2, 2), (2, 5), (5, 3), (3, 4), (4, 0), (0, 6), (6, 6), (6, 3)];0;1;(1, 5);[4.833, 10.0, 8.333, 7.0, 6.0, 6.5, 8.0];Minimax Algorithm
[(1, 5), (5, 5), (5, 4), (4, 2), (2, 2), (2, 5), (5, 3), (3, 4), (4, 0), (0, 6), (6, 6), (6, 3)];0;1;(0, 3);[9.0, 12.0, 9.167, 7.5, 4.667, 7.5, 7.834];Greedy Algorithm
[];0;1;(3, 3);[1, 2, 1, 3.286, 2, 3.286, 1];Greedy Algorithm
[(3, 3)];0;1;(3, 6);[2.333, 3, 3.333, 4.167, 1.333, 0.167, 2.999];Minimax Algorithm
[(3, 3), (3, 6)];2;1;(3, 4);[1.333, 2, 1.666, 4.286, 2.9990000000000006, 3.619, 2.9989999999999997];Greedy Algorithm
[(4, 3), (3, 3), (3, 6)];2;1;(1, 6);[2.733, 3.4, 3.733, 5.167, 3.1999999999999997, 0.5670000000000001, 3.066];Minimax Algorithm
[(4, 3), (3, 3), (3, 6), (6, 1)];1;2;(0, 4);[2.6, 3.4, 1.666, 4.286, 2.9990000000000006, 4.219, 4.266];Greedy Algorithm
[(0, 4), (4, 3), (3, 3), (3, 6), (6, 1)];1;2;(1, 2);[4.5, 3.5, 4.0, 5.167, 4.3, 1.0670000000000002, 3.4];Minimax Algorithm
[(0, 4), (4, 3), (3, 3), (3, 6), (6, 1), (1, 2)];0;1;(2, 5);[3.0, 4.75, 2.6660000000000004, 4.5, 3.1660000000000004, 4.5, 4.416];Greedy Algorithm
[(0, 4), (4, 3), (3, 3), (3, 6), (6, 1), (1, 2), (2, 5)];0;1;(0, 3);[5.0, 3.5, 5.0, 6.0, 4.9, 4.0, 3.4];Minimax Algorithm
[(1, 3), (3, 0), (0, 4), (4, 3), (3, 3), (3, 6), (6, 1), (1, 2), (2, 5)];1;2;(1, 4);[5.5, 4.5, 5.5, 7.5, 6.5, 5.5, 4.0];Minimax Algorithm
[(4, 1), (1, 3), (3, 0), (0, 4), (4, 3), (3, 3), (3, 6), (6, 1), (1, 2), (2, 5)];0;2;(1, 5);[3.917, 5.5, 3.333, 5.667, 6.0, 5.334, 5.083];Greedy Algorithm
[];0;0;(5, 6);[1, 2, 0.143, 2, 2, 3, 4.143];Greedy Algorithm
[(5, 6)];0;0;(4, 6);[3.333, 2, 2.333, 1, 2.666, 4, 2];Minimax Algorithm
[(5, 6), (6, 4)];2;2;(4, 5);[1, 2, 0.143, 2, 3, 3, 5.143];Greedy Algorithm
[(5, 6), (6, 4), (4, 5)];2;2;(2, 5);[3.333, 2.4, 3.5999999999999996, 1.4, 3.733, 5, 2.4];Minimax Algorithm
[(5, 6), (6, 4), (4, 5), (5, 2)];1;0;(3, 5);[1.4, 3.0, 3.4, 3.4, 3.6, 4, 5.6];Greedy Algorithm
[(3, 5), (5, 6), (6, 4), (4, 5), (5, 2)];1;0;(3, 4);[3.5, 2.5, 4.0, 2.5, 4.0, 6, 2.5];Minimax Algorithm
[(4, 3), (3, 5), (5, 6), (6, 4), (4, 5), (5, 2)];1;0;(1, 4);[1.4, 3.25, 4.0, 4.65, 4.75, 4, 5.75];Greedy Algorithm
[(1, 4), (4, 3), (3, 5), (5, 6), (6, 4), (4, 5), (5, 2)];1;0;(1, 5);[3.5, 3.667, 4.668, 2.667, 5.167, 6, 2.667];Minimax Algorithm
[(5, 1), (1, 4), (4, 3), (3, 5), (5, 6), (6, 4), (4, 5), (5, 2)];0;0;(0, 5);[4.334, 3.667, 4.668, 3.334, 5.334, 6, 2.667];Minimax Algorithm
[(0, 5), (5, 1), (1, 4), (4, 3), (3, 5), (5, 6), (6, 4), (4, 5), (5, 2)];1;0;(0, 6);[2.4, 5.0, 7.0, 5.4, 5.5, 6, 6.5];Greedy Algorithm
[(6, 0), (0, 5), (5, 1), (1, 4), (4, 3), (3, 5), (5, 6), (6, 4), (4, 5), (5, 2)];1;0;(0, 2);[5.0, 3.667, 5.001, 3.167, 5.167, 6, 4.0];Minimax Algorithm
[(6, 0), (0, 5), (5, 1), (1, 4), (4, 3), (3, 5), (5, 6), (6, 4), (4, 5), (5, 2), (2, 0)];2;0;(1, 6);[7.0, 7.0, 8.5, 8.5, 7.5, 6, 6.5];Greedy Algorithm
[(1, 6), (6, 0), (0, 5), (5, 1), (1, 4), (4, 3), (3, 5), (5, 6), (6, 4), (4, 5), (5, 2), (2, 0)];2;0;(0, 1);[5.0, 6.0, 5.334, 4.167, 5.167, 6, 5.0];Minimax Algorithm
[];0;0;(2, 2);[2, 1, 3.572, 2, 0.286, 1.286, 4];Greedy Algorithm
[(2, 2)];0;0;(1, 2);[2, 2.9990000000000006, 3.6660000000000004, 3, 0.666, 2.666, 1.333];Minimax Algorithm
[(2, 2), (2, 1)];2;1;(2, 6);[2, 2.9990000000000006, 4.572, 2, 0.786, 1.619, 4.5];Greedy Algorithm
[(6, 2), (2, 2), (2, 1)];2;1;(6, 6);[2, 3.1999999999999997, 4.666, 3, 1.133, 2.733, 2.8];Minimax Algorithm
[(6, 6), (6, 2), (2, 2), (2, 1)];3;1;(0, 6);[2.8, 3.1999999999999997, 4.572, 2, 1.2530000000000001, 2.0860000000000003, 5.567];Greedy Algorithm
[(0, 6), (6, 6), (6, 2), (2, 2), (2, 1)];3;1;(0, 3);[3, 3.5, 4.666, 3.5, 1.733, 2.833, 3.9];Minimax Algorithm
[(3, 0), (0, 6), (6, 6), (6, 2), (2, 2), (2, 1)];2;1;(3, 6);[3.8, 3.5, 4.572, 3, 1.436, 2.186, 5.75];Greedy Algorithm
[(6, 3), (3, 0), (0, 6), (6, 6), (6, 2), (2, 2), (2, 1)];2;1;(1, 3);[3, 3.333, 4.666, 4.333, 1.4989999999999999, 2.833, 4.666];Minimax Algorithm
[(6, 3), (3, 0), (0, 6), (6, 6), (6, 2), (2, 2), (2, 1), (1, 3)];1;1;(5, 6);[4.4, 5.0, 5.286, 4.333, 2.769, 5.0, 5.75];Greedy Algorithm
[(5, 6), (6, 3), (3, 0), (0, 6), (6, 6), (6, 2), (2, 2), (2, 1), (1, 3)];1;1;(5, 5);[4.0, 3.833, 5.333, 4.5, 2.6660000000000004, 7.0, 5.666];Minimax Algorithm
[(5, 5), (5, 6), (6, 3), (3, 0), (0, 6), (6, 6), (6, 2), (2, 2), (2, 1), (1, 3)];0;1;(2, 3);[4.4, 5.0, 5.0, 4.333, 2.9829999999999997, 5.5, 5.75];Greedy Algorithm
[(5, 5), (5, 6), (6, 3), (3, 0), (0, 6), (6, 6), (6, 2), (2, 2), (2, 1), (1, 3), (3, 2)];0;1;(3, 5);[4.0, 3.833, 7.0, 6.0, 3.833, 7.0, 5.666];Minimax Algorithm
[(3, 5), (5, 5), (5, 6), (6, 3), (3, 0), (0, 6), (6, 6), (6, 2), (2, 2), (2, 1), (1, 3), (3, 2)];0;0;(0, 2);[7.0, 3.833, 7.0, 6.0, 5.833, 8.0, 5.666];Minimax Algorithm
[];0;1;(1, 1);[2.286, 3.144, 2.286, 1.286, 2, 1.286, 2];Minimax Algorithm
[(1, 1)];1;1;(1, 4);[1.666, 3.332, 2.333, 2.333, 2.9990000000000006, 1.666, 2.333];Greedy Algorithm
[(1, 1), (1, 4)];1;1;(4, 4);[2.6660000000000004, 4.332, 2.333, 1.333, 3.9990000000000006, 1.666, 2.333];Minimax Algorithm
[(1, 1), (1, 4), (4, 4)];0;1;(3, 4);[1.733, 3.5999999999999996, 2.8, 3.5999999999999996, 3.9990000000000006, 2.133, 2.733];Greedy Algorithm
[(1, 1), (1, 4), (4, 4), (4, 3)];0;1;(1, 6);[2.6660000000000004, 4.399, 2.733, 3.5999999999999996, 5.066000000000001, 2.066, 2.8];Minimax Algorithm
[(6, 1), (1, 1), (1, 4), (4, 4), (4, 3)];2;1;(2, 6);[1.733, 4.8, 3.5, 4.0, 3.9990000000000006, 2.7329999999999997, 3.833];Greedy Algorithm
[(2, 6), (6, 1), (1, 1), (1, 4), (4, 4), (4, 3)];2;1;(2, 4);[2.583, 4.4990000000000006, 3.833, 4.0, 4.75, 2.083, 3.75];Minimax Algorithm
[(4, 2), (2, 6), (6, 1), (1, 1), (1, 4), (4, 4), (4, 3)];0;1;(3, 3);[1.733, 4.9670000000000005, 4.667, 4.668, 4.9990000000000006, 2.9000000000000004, 4.0];Greedy Algorithm
[];0;0;(1, 1);[2.286, 4.144, 1.286, 0.286, 0.286, 3, 3];Minimax Algorithm
[];0;0;(2, 2);[0.429, 3, 2.287, 4, 2.4290000000000003, 1.429, 2];Greedy Algorithm
[];0;0;(2, 2);[0.429, 0.429, 2.7159999999999997, 3.4290000000000003, 2, 2, 2.4290000000000003];Minimax Algorithm
[(2, 2)];0;0;(2, 5);[2.6660000000000004, 3.333, 4.332, 1.333, 3, 3.333, 0.333];Greedy Algorithm
[(2, 2), (2, 5)];0;2;(3, 5);[0.666, 0.333, 3.332, 3.999, 2, 3, 2.666];Minimax Algorithm
[(2, 2), (2, 5), (5, 3)];0;2;(2, 4);[3.0660000000000003, 3.733, 4.399, 3.1999999999999997, 3.8, 4.333, 1.133];Greedy Algorithm
[(4, 2), (2, 2), (2, 5), (5, 3)];2;2;(4, 4);[0.7330000000000001, 0.7330000000000001, 4.399, 4.2, 3.8, 3, 3.133];Minimax Algorithm
[(4, 4), (4, 2), (2, 2), (2, 5), (5, 3)];2;2;(4, 5);[3.083, 3.733, 4.4990000000000006, 3.5, 4.800000000000001, 4.25, 1.233];Greedy Algorithm
[(5, 4), (4, 4), (4, 2), (2, 2), (2, 5), (5, 3)];1;2;(5, 6);[1.333, 1.233, 4.666, 4.5, 4.9, 4, 4.5];Minimax Algorithm
[(6, 5), (5, 4), (4, 4), (4, 2), (2, 2), (2, 5), (5, 3), (3, 1)];1;0;(6, 6);[1.5, 4.0, 5.5, 5.667, 5.667, 4, 5.668];Minimax Algorithm
[(6, 6), (6, 5), (5, 4), (4, 4), (4, 2), (2, 2), (2, 5), (5, 3), (3, 1)];1;0;(1, 5);[4.333, 5.334, 5.5, 4.0, 5.667, 5.5, 7.0];Greedy Algorithm
[];0;0;(2, 2);[4, 1.286, 3.858, 1, 2, 1.286, 1.286];Minimax Algorithm
[(2, 2)];0;0;(2, 3);[1, 2.333, 2.9990000000000006, 3.6660000000000004, 4, 1.666, 2.666];Greedy Algorithm
[(2, 2), (2, 3)];2;1;(2, 4);[4, 1.286, 4.857999999999999, 2.6660000000000004, 2, 1.619, 1.619];Minimax Algorithm
[(4, 2), (2, 2), (2, 3)];2;1;(4, 6);[1, 2.333, 4.066000000000001, 3.8, 5, 2.133, 3.1999999999999997];Greedy Algorithm
[(6, 4), (4, 2), (2, 2), (2, 3)];1;1;(1, 6);[4.6, 2.8, 5.171999999999999, 2.8, 3, 2.286, 2.686];Minimax Algorithm
[(1, 6), (6, 4), (4, 2), (2, 2), (2, 3)];1;1;(3, 4);[1.5, 4.5, 4.2330000000000005, 3.8, 5, 2.633, 4.2];Greedy Algorithm
[(1, 6), (6, 4), (4, 2), (2, 2), (2, 3), (3, 4)];0;1;(0, 4);[4.25, 2.75, 5.321999999999999, 3.8, 4, 2.436, 2.686];Minimax Algorithm
[(1, 6), (6, 4), (4, 2), (2, 2), (2, 3), (3, 4), (4, 0)];0;1;(0, 6);[2.667, 5.001, 4.667, 4.067, 6, 3.067, 5.0009999999999994];Greedy Algorithm
[(1, 6), (6, 4), (4, 2), (2, 2), (2, 3), (3, 4), (4, 0), (0, 6)];0;0;(1, 4);[2.667, 5.001, 4.667, 4.067, 6, 3.067, 5.0009999999999994];Greedy Algorithm
[(4, 1), (1, 6), (6, 4), (4, 2), (2, 2), (2, 3), (3, 4), (4, 0), (0, 6)];0;0;(4, 5);[2.667, 5.334, 5.334, 4.667, 6, 4.667, 5.0009999999999994];Greedy Algorithm
[(5, 4), (4, 1), (1, 6), (6, 4), (4, 2), (2, 2), (2, 3), (3, 4), (4, 0), (0, 6)];1;0;(0, 5);[6.0, 4.7, 7.135999999999999, 5.4, 6, 5.536, 9.0];Minimax Algorithm
[(0, 5), (5, 4), (4, 1), (1, 6), (6, 4), (4, 2), (2, 2), (2, 3), (3, 4), (4, 0), (0, 6)];2;0;(0, 2);[6.0, 4.85, 8.0, 5.4, 6, 6.25, 9.0];Minimax Algorithm
[];0;0;(1, 1);[1, 3.43, 2.286, 2.286, 3.286, 2.286, 0.286];Minimax Algorithm
[(1, 1)];1;1;(0, 1);[2.287, 3.43, 2.715, 2.715, 3.715, 2.286, 0.286];Minimax Algorithm
[(1, 1), (1, 0)];1;1;(0, 6);[3, 3.9999999999999996, 0.8, 2.8, 2.4, 3.4, 4.199999999999999];Greedy Algorithm
[(1, 1), (1, 0), (0, 6)];0;0;(5, 6);[3, 3.9999999999999996, 1.2000000000000002, 2.8, 2.4, 3.8, 4.199999999999999];Greedy Algorithm
[(1, 1), (1, 0), (0, 6), (6, 5)];0;2;(4, 5);[3.258, 3.9999999999999996, 2.8289999999999997, 2.8289999999999997, 3.8, 3.4, 2.4];Minimax Algorithm
[(1, 1), (1, 0), (0, 6), (6, 5), (5, 4)];0;2;(4, 6);[3, 4.5, 1.4, 3.0, 3.5, 4.9, 4.5];Greedy Algorithm
[];0;0;(1, 1);[1.286, 3.858, 1.286, 3, 2, 1, 1.286];Minimax Algorithm
[(1, 1)];0;0;(1, 5);[1.666, 2.999, 4.666, 0, 2, 2.999, 2.666];Greedy Algorithm
[(1, 1), (1, 5)];2;1;(3, 5);[1.5, 4.5009999999999994, 1.167, 3.9990000000000006, 2.333, 2, 1.5];Minimax Algorithm
[(1, 1), (1, 5), (5, 3)];2;2;(1, 3);[1.5, 4.5009999999999994, 1.167, 3.9990000000000006, 2.333, 2, 1.5];Minimax Algorithm
[(1, 3)];2;2;(1, 1);[3.286, 4.144, 3.286, 3.858, 1.572, 0.572, 1.286];Minimax Algorithm
[(1, 3)];2;2;(1, 1);[3.715, 4.429, 3.715, 4, 1.715, 3.1449999999999996, 3.287];Minimax Algorithm
[(1, 3)];2;2;(1, 1);[3.286, 4.144, 3.286, 3.858, 1.572, 0.572, 1.286];Minimax Algorithm
[(1, 3)];2;2;(1, 1);[3.286, 4.144, 3.286, 3.858, 1.572, 0.572, 1.286];Minimax Algorithm
[(1, 3)];2;2;(1, 1);[3.286, 4.144, 3.286, 3.858, 1.572, 0.572, 1.286];Minimax Algorithm
[(1, 3)];2;2;(1, 1);[3.286, 4.144, 3.286, 3.858, 1.572, 0.572, 1.286];Minimax Algorithm
[(1, 3)];2;2;(1, 1);[3.286, 4.144, 3.286, 3.858, 1.572, 0.572, 1.286];Minimax Algorithm
[(1, 3)];2;2;(1, 1);[3.286, 4.144, 3.286, 3.858, 1.572, 0.572, 1.286];Minimax Algorithm
[(4, 5)];4;1;(4, 4);[1.286, 1.429, 2.286, 2.286, 5.286, 3.43, 1.429];Minimax Algorithm
[(2, 2)];3;3;(2, 4);[2, 1, 4.428999999999999, 2.143, 3, 1.143, 1.143];Minimax Algorithm
[(0, 1)];1;1;(0, 2);[3.144, 3.144, 4, 1.572, 1.572, 2.572, 3.572];Minimax Algorithm
[(3, 2), (2, 0), (0, 1)];1;1;(1, 2);[3.144, 3.144, 5, 3.144, 1.858, 2.858, 3.572];Minimax Algorithm
[(3, 2), (2, 0), (0, 1), (1, 2)];1;2;(3, 6);[3.144, 3.144, 5.143, 3.144, 1.858, 2.858, 3.715];Greedy Algorithm
[(0, 3)];2;2;(3, 5);[3.858, 4, 1.572, 3.858, 1.572, 2.286, 2.286];Greedy Algorithm
[(0, 3), (3, 5), (5, 4)];2;1;(0, 1);[3.858, 4.286, 1.572, 3.858, 3.144, 3.286, 2.572];Minimax Algorithm
[(2, 5)];1;2;(1, 5);[2.286, 3.286, 3.144, 3.286, 0.572, 3.858, 1.572];Minimax Algorithm
[(1, 2)];2;1;(1, 1);[1.286, 4.144, 3.144, 2.286, 2.572, 1.572, 2.572];Greedy Algorithm
[(6, 1), (1, 1), (1, 2)];2;1;(4, 6);[1.572, 4.8580000000000005, 3.144, 2.572, 2.572, 1.572, 3.858];Minimax Algorithm
[(3, 4)];2;2;(3, 3);[3, 2.286, 1.572, 4.144, 3.858, 0.572, 2.572];Greedy Algorithm
[(2, 4)];2;2;(2, 2);[0.572, 3, 4.144, 3.286, 3.858, 2.572, 1.572];Minimax Algorithm
[(2, 6)];2;1;(2, 4);[1.286, 2.572, 3.858, 2.286, 3.286, 1.572, 3.144];Minimax Algorithm
[(5, 4), (4, 2), (2, 6)];1;1;(5, 5);[1.572, 2.858, 3.858, 2.572, 4.286, 3.43, 3.144];Greedy Algorithm
[(0, 1)];1;1;(1, 6);[3.144, 3.144, 4.572, 1.572, 1.572, 1.572, 4];Greedy Algorithm
[(0, 6), (6, 6), (6, 4)];2;1;(4, 4);[3.858, 2.286, 1.572, 2.286, 3.43, 1.572, 3];Greedy Algorithm
[(1, 4)];1;2;(4, 4);[3.286, 3.144, 3.572, 2.286, 4.144, 1.572, 0.572];Greedy Algorithm
[(1, 3)];2;2;(3, 3);[3.286, 3.858, 2.286, 4.144, 1.572, 0.572, 2.286];Minimax Algorithm
[(2, 6)];2;2;(1, 6);[3.143, 3.858, 2.286, 3.571999999999999, 1.429, 0.42899999999999994, 2.143];Minimax Algorithm
[(6, 6)];2;2;(1, 6);[2, 2, 2.286, 3.286, 1.286, 1.286, 4.144];Minimax Algorithm
[(1, 4)];2;1;(1, 6);[2, 3.144, 2.429, 3.429, 1.429, 1.429, 3.571999999999999];Greedy Algorithm
[(1, 3)];2;3;(3, 3);[2, 3.144, 2.429, 3.429, 1.429, 1.429, 3.571999999999999];Greedy Algorithm
[(4, 5)];1;1;(3, 5);[2.572, 2.572, 2.286, 3.286, 3.144, 3.1439999999999997, 2.572];Minimax Algorithm
[(4, 5)];1;1;(3, 5);[2.4290000000000003, 2.4290000000000003, 2, 3.5719999999999996, 3.001, 2, 2.429];Minimax Algorithm
[(4, 5)];1;1;(3, 5);[2.4290000000000003, 2.4290000000000003, 2, 3.5719999999999996, 3.001, 2, 2.429];Greedy Algorithm
[(4, 5)];1;1;(3, 5);[2.4290000000000003, 2.4290000000000003, 2, 3.5719999999999996, 3.001, 2, 2.429];Minimax Algorithm
[(4, 5)];1;1;(3, 5);[2.4290000000000003, 2.4290000000000003, 2, 3.5719999999999996, 3.001, 2, 2.429];Minimax Algorithm
[(4, 5)];1;1;(3, 5);[2.4290000000000003, 2.4290000000000003, 2, 3.5719999999999996, 3.001, 2, 2.429];Minimax Algorithm
[(4, 5)];1;1;(3, 5);[2.572, 2.572, 2.286, 3.286, 3.144, 3.1439999999999997, 2.572];Minimax Algorithm
[(4, 5)];1;1;(3, 5);[2.572, 2.572, 2.286, 3.286, 3.144, 3.1439999999999997, 2.572];Greedy Algorithm
[(4, 5)];1;1;(3, 5);[2.4290000000000003, 2.4290000000000003, 2, 3.5719999999999996, 3.001, 2, 2.429];Minimax Algorithm
[(4, 5)];1;1;(3, 5);[2.4290000000000003, 2.4290000000000003, 2, 3.5719999999999996, 3.001, 2, 2.429];Minimax Algorithm
[(4, 5)];1;1;(3, 5);[2.4290000000000003, 2.4290000000000003, 2, 3.5719999999999996, 3.001, 2, 2.429];Greedy Algorithm
[(4, 5)];1;1;(3, 5);[2.572, 2.572, 2.286, 3.286, 3.144, 3.1439999999999997, 2.572];Greedy Algorithm
[(4, 5)];1;1;(3, 5);[2.4290000000000003, 2.4290000000000003, 2, 3.5719999999999996, 3.001, 2, 2.429];Minimax Algorithm
[(4, 5)];1;1;(3, 5);[2.4290000000000003, 2.4290000000000003, 2, 3.5719999999999996, 3.001, 2, 2.429];Minimax Algorithm
[(4, 5)];1;1;(3, 5);[2.572, 2.572, 2.286, 3.286, 3.144, 3.1439999999999997, 2.572];Minimax Algorithm
[(1, 4), (4, 5), (5, 3)];2;2;(3, 3);[2.858, 3.858, 2.572, 4.144, 3.858, 3.1439999999999997, 2.858];Minimax Algorithm
[(4, 5)];1;1;(3, 5);[2.143, 3.7150000000000003, 2.286, 3.5719999999999996, 3.143, 2.286, 2.143];Greedy Algorithm
[(1, 4), (4, 5), (5, 3)];2;2;(3, 3);[2.143, 3.7150000000000003, 2.286, 3.5719999999999996, 3.143, 2.286, 2.143];Greedy Algorithm
[(4, 5)];1;1;(3, 5);[2.143, 3.7150000000000003, 2.286, 3.5719999999999996, 3.143, 2.286, 2.143];Minimax Algorithm
[(4, 5), (5, 3), (3, 1)];1;2;(1, 6);[2.143, 3.7150000000000003, 2.286, 3.5719999999999996, 3.143, 2.286, 2.143];Greedy Algorithm
[(1, 4), (4, 5), (5, 3), (3, 1), (1, 6)];1;1;(0, 1);[2.143, 3.7150000000000003, 2.286, 3.5719999999999996, 3.143, 2.286, 2.143];Minimax Algorithm
[(4, 5)];1;1;(3, 5);[2.143, 3.7150000000000003, 2.286, 3.5719999999999996, 3.143, 2.286, 2.143];Greedy Algorithm
[(4, 5)];1;1;(3, 5);[2.4290000000000003, 2.4290000000000003, 2, 3.5719999999999996, 3.001, 2, 2.429];Minimax Algorithm
[(4, 5)];1;1;(3, 5);[2.572, 2.572, 2.286, 3.286, 3.144, 3.1439999999999997, 2.572];Minimax Algorithm
[(4, 5)];1;1;(3, 5);[2.572, 2.572, 2.286, 3.286, 3.144, 3.1439999999999997, 2.572];Minimax Algorithm
[(4, 5)];1;1;(3, 5);[2.572, 2.572, 2.286, 3.286, 3.144, 3.1439999999999997, 2.572];Greedy Algorithm
[(4, 5)];1;1;(3, 5);[2.4290000000000003, 2.4290000000000003, 2, 3.5719999999999996, 3.001, 2, 2.429];Minimax Algorithm
[(4, 5)];1;1;(3, 5);[2.572, 2.572, 2.286, 3.286, 3.144, 3.1439999999999997, 2.572];Greedy Algorithm
[(4, 5)];1;1;(3, 5);[2.572, 2.572, 2.286, 3.286, 3.144, 3.1439999999999997, 2.572];Greedy Algorithm
[(4, 5)];1;1;(3, 5);[2.572, 2.572, 2.286, 3.286, 3.144, 3.1439999999999997, 2.572];Greedy Algorithm
[(4, 5)];1;1;(3, 5);[2.572, 2.572, 2.286, 3.286, 3.144, 3.1439999999999997, 2.572];Greedy Algorithm
[(4, 5)];1;1;(3, 5);[2.572, 2.572, 2.286, 3.286, 3.144, 3.1439999999999997, 2.572];Minimax Algorithm
[(4, 5)];1;1;(3, 5);[2.572, 2.572, 2.286, 3.286, 3.144, 3.1439999999999997, 2.572];Minimax Algorithm
[(4, 5)];1;1;(3, 5);[2.572, 2.572, 2.286, 3.286, 3.144, 3.1439999999999997, 2.572];Minimax Algorithm
[(6, 5), (5, 5), (5, 3)];2;2;(3, 3);[2.286, 2.286, 2.286, 4.144, 1.572, 3, 3.858];Minimax Algorithm
[(6, 5), (5, 5), (5, 3)];2;2;(3, 3);[2.143, 2.143, 2.286, 3.5719999999999996, 1.429, 3, 3.715];Minimax Algorithm
[(6, 6), (6, 5), (5, 5), (5, 3), (3, 3)];2;1;(2, 3);[2.286, 2.286, 2.286, 4.144, 1.572, 3, 3.858];Minimax Algorithm
[(6, 5), (5, 5), (5, 3)];2;2;(3, 3);[2.143, 2.143, 2.286, 3.5719999999999996, 1.429, 3, 3.715];Greedy Algorithm
[(6, 6), (6, 5), (5, 5), (5, 3), (3, 3)];2;1;(2, 3);[2.286, 2.286, 2.286, 4.144, 1.572, 3, 3.858];Minimax Algorithm
[(6, 5), (5, 5), (5, 3)];2;2;(3, 3);[2.143, 2.143, 2.286, 3.5719999999999996, 1.429, 3, 3.715];Greedy Algorithm
[(1, 3)];2;3;(3, 3);[2.143, 3.858, 2.286, 4.428999999999999, 1.429, 1.286, 2.143];Greedy Algorithm
[(4, 5)];1;1;(2, 4);[0, 0, 0, 0, 0, 0, 0];Minimax Algorithm
[(4, 5)];1;1;(3, 5);[2.572, 2.572, 2.286, 3.286, 3.144, 3.1439999999999997, 2.572];Minimax Algorithm
[(4, 5)];1;1;(3, 5);[2.4290000000000003, 2.4290000000000003, 2, 3.5719999999999996, 3.001, 2, 2.429];Minimax Algorithm
[(4, 5)];1;1;(3, 5);[2.572, 2.572, 2.286, 3.286, 3.144, 3.1439999999999997, 2.572];Minimax Algorithm
[(4, 5)];1;1;(3, 5);[2.572, 2.572, 2.286, 3.286, 3.144, 3.1439999999999997, 2.572];Minimax Algorithm
[(4, 5)];1;1;(3, 5);[2.572, 2.572, 2.286, 3.286, 3.144, 3.1439999999999997, 2.572];Minimax Algorithm
[(4, 5)];1;1;(3, 5);[2.572, 2.572, 2.286, 3.286, 3.144, 3.1439999999999997, 2.572];Minimax Algorithm
